carID,price
12000,39030.18
12001,23737.46
12004,57462.47
12013,14901.67
12017,50097.35
12019,20834.653333333335
12020,16840.85
12024,21728.81
12027,24461.84
12028,33835.72
12029,33160.84
12034,26802.95
12040,46778.87
12041,34164.45
12042,11138.54
12043,33427.86666666667
12046,34231.64
12047,28444.28
12048,3034.71
12049,7185.79
12052,28024.26
12054,23684.27
12056,27235.85
12060,33710.46
12064,54612.34
12069,33957.14
12071,72671.48
12073,27206.1
12076,33427.86666666667
12081,11321.02
12082,20758.63
12083,19869.83
12088,8672.39
12091,16668.29
12095,17081.91
12096,25014.95
12100,20444.65
12102,21985.29
12103,90372.45
12116,30342.34
12119,71170.55
12122,8499.17
12129,12087.35
12133,30618.49
12136,51601.94
12138,19872.3
12141,35567.37
12142,21474.87
12151,10223.37
12153,15732.37
12155,47518.31
12158,20332.21
12160,14830.67
12166,34056.07
12167,21003.32
12173,22581.44
12179,18031.63
12180,21180.116666666665
12181,17340.945714285717
12182,15032.64
12183,8525.52
12184,8072.95
12186,44532.48
12187,19489.64
12191,38901.23
12193,32779.14
12196,20058.87
12199,14721.77
12201,40203.88
12203,20265.81
12208,19260.98
12210,14369.98
12211,22914.74
12219,18784.56
12220,19600.6
12224,50877.5
12228,48948.96
12231,13293.84
12232,23810.28
12233,64822.58
12235,40227.2
12238,18311.79
12245,47366.81
12247,47237.42
12248,44868.38
12250,20325.88
12254,40684.24333333333
12256,13423.39
12258,8472.65
12259,44329.39
12264,12214.42
12265,20104.08
12266,25795.98
12268,38036.6
12270,21881.91
12274,20329.07
12276,21325.921666666665
12277,8499.17
12279,20265.28
12283,23275.86
12284,35098.26
12287,29685.374642857147
12289,58027.23
12291,18022.31
12292,36078.99
12295,12955.85
12298,26228.026666666665
12299,19776.21
12300,34849.15
12309,7147.01
12311,19346.41
12312,8897.08
12314,10765.36
12318,4191.74
12320,55629.79
12321,4621.986666666667
12324,37174.63
12325,32333.08
12326,9162.6
12328,16535.7
12329,17953.12
12331,8794.6
12332,30682.52
12333,13706.2
12338,20330.73
12346,18566.23
12354,25391.49
12355,28363.96
12359,33129.17214285713
12360,33969.17
12362,8938.13
12364,13440.24
12365,46351.57
12368,14212.56
12373,15680.89
12376,7434.02
12378,15315.33
12379,31028.69
12381,35713.79
12384,16848.89
12386,7800.46
12388,35534.38
12392,29362.6
12401,33942.26
12402,54387.89
12405,8714.8
12407,17644.88
12410,8923.38
12412,45543.35
12415,7806.63
12417,42350.94
12422,49676.79
12424,18455.46
12425,44421.75
12429,3317.43
12430,18833.24
12432,5753.7
12434,22091.39
12436,37914.17
12437,10479.87
12442,36271.19
12444,8214.506666666666
12448,47697.11
12449,4741.63
12450,31057.6875
12451,47696.89
12452,31996.53
12453,21502.85
12457,9255.93
12460,4460.99
12465,13138.47
12467,18833.24
12468,11129.09
12469,21669.95
12474,19401.92
12482,7074.83
12485,22490.88
12487,7777.97
12501,6716.14
12504,16942.45
12506,16711.91
12507,12029.56
12508,18103.94
12511,15895.3
12518,1952.12
12521,11191.1
12522,24114.74
12538,8216.81
12542,10448.27
12545,22213.52
12546,5018.23
12547,19278.78
12548,20715.12
12549,11387.27
12551,14085.59
12552,16544.43
12553,34694.15
12554,16780.48
12556,6894.85
12557,49601.44
12560,15819.13
12562,32055.76
12563,6178.49
12564,16048.9
12566,15499.18
12574,29540.53
12575,76299.15
12576,64369.3
12580,13265.88
12583,11264.83
12589,19869.37
12590,10080.23
12591,22048.42
12594,13017.55
12598,25454.67
12601,76110.89
12602,11274.17
12603,26552.69
12604,25667.29
12605,26512.54
12609,28220.93
12615,34854.37
12618,19167.47
12619,35475.65
12621,39091.4
12622,7463.48
12630,17668.33
12631,51045.21
12632,2058.71
12639,9444.63
12641,20962.33
12645,41427.09
12647,34288.76
12648,18248.32
12651,43821.45
12655,20757.22
12657,37029.26
12662,33891.21
12665,19944.04
12666,7283.9333333333325
12668,25673.45
12672,24543.96333333334
12673,10596.115
12675,17037.19
12677,2061.61
12680,16088.62
12683,38957.25
12685,37209.47
12687,12957.91
12692,41767.1
12694,11305.31
12702,33949.02
12703,18643.2
12704,17867.27
12705,69272.72
12708,24874.09
12710,15505.65
12711,35169.85
12713,28851.75
12715,19487.69
12716,30945.6
12726,18310.89
12728,19545.59
12734,34997.96021076146
12736,9171.15
12746,57961.12
12750,13623.26
12754,20238.79
12755,19768.37
12759,20648.52
12762,14466.46
12763,20243.54
12767,73911.7
12768,15723.26
12772,12313.56
12773,17112.84
12777,42652.38
12779,15866.56
12788,8386.3
12789,25907.71
12790,37884.75
12796,11457.07
12798,14872.35
12804,14120.34
12805,18028.21
12807,27052.01
12810,28971.67
12811,46635.18
12812,11317.69
12818,5950.83
12821,15248.67
12822,27421.08
12825,30627.54
12829,18150.9
12831,28087.02
12832,26789.41
12833,28709.6
12836,15892.71
12838,24991.33
12841,36239.95
12843,18200.65
12848,10935.45
12850,20068.7
12853,11902.56
12855,14896.07
12858,11932.24
12859,8844.07
12860,46397.37
12861,57253.61
12862,9935.84
12866,71929.06
12869,9958.37
12870,10009.45
12872,51950.6
12873,17563.64
12874,20247.19
12877,37935.98
12878,22840.98
12881,6110.84
12882,21799.56
12887,11806.83
12892,18587.93
12893,20694.13
12895,37394.68
12896,15076.01
12897,30818.05
12902,13968.32
12907,12757.58
12912,14738.17
12918,5504.92
12919,7030.7
12936,27008.63
12938,15478.86
12939,35627.7
12946,13785.76
12947,32254.38
12950,5311.5
12954,10909.01
12955,13484.38
12958,26271.24
12960,42853.12
12961,9693.93
12964,19670.15
12965,19665.04
12970,38840.21
12974,7530.62
12979,14843.13
12981,4841.15
12982,12752.94
12985,9978.35
12986,26098.83
12988,24403.22
12989,13278.76
12992,9896.34
12993,11990.46
12996,20211.02
12998,33043.05
12999,29780.89
13000,17030.42
13001,16894.63
13002,21112.83
13003,3428.97
13004,26121.2
13012,35298.36
13013,15937.52
13016,23774.81
13017,4655.57
13020,18271.4
13024,24129.0
13031,38832.16
13034,13580.09
13040,17679.49
13041,32927.58
13042,8766.29
13043,27031.76
13046,13805.49
13047,27076.32
13049,14651.23
13050,48587.11
13051,14886.323333333332
13057,18969.57
13058,20974.48
13063,14813.72
13064,29798.05
13069,58994.73
13071,22016.79
13072,8741.04
13073,14698.7
13074,27234.47
13079,11313.48
13081,27321.91
13087,11386.46
13089,7163.67
13096,21857.29
13098,12741.65
13106,18621.08
13109,56715.59
13114,20387.8
13115,39725.16
13116,14430.82
13119,16401.08
13122,9203.76
13126,18413.58
13129,19377.37
13133,29540.53
13134,18402.635
13136,8082.12
13140,9063.16
13144,9441.02
13146,12733.38
13147,25374.02
13148,20105.52
13150,11555.53
13152,22223.43
13153,19992.54
13155,27268.6
13156,14991.6
13159,21698.0
13160,10831.68
13170,36271.05
13173,9244.78
13174,16956.99
13178,14928.96
13181,11805.84
13184,15929.1
13186,19964.04
13188,22340.59
13189,19946.95
13191,25863.985846139156
13194,15604.105
13195,17986.5875
13197,13867.83
13201,29194.37
13214,20234.0
13215,16726.04
13216,17236.19
13218,23791.11
13220,44967.72
13221,22598.94
13227,11441.72
13231,19940.92
13234,56211.53
13238,18217.9
13240,16215.17
13244,8468.85
13245,32296.98333333334
13248,26138.47
13249,21958.36
13250,41463.46
13256,41109.35
13257,45752.42
13262,6354.9
13265,26831.3
13267,21129.706666666665
13273,15881.52
13275,9430.87
13279,27982.88
13280,4927.87
13287,25159.06
13291,13133.48
13295,38877.74
13298,25863.985846139156
13299,8093.73
13305,23481.79
13306,7016.82
13311,13074.46
13313,39117.03
13314,11932.21
13315,28559.235298729047
13316,9106.51
13319,37583.43
13326,47848.85
13327,20278.87
13328,37298.68
13329,39072.35
13335,22469.199166666665
13337,16256.3
13338,22108.03
13349,13561.33
13351,21158.66
13352,9840.93
13355,57601.76
13361,13490.59
13364,9317.56
13366,16356.97
13367,6236.12
13368,20095.71
13371,32882.73
13375,92923.06
13377,48454.65
13379,10999.48
13383,9885.31
13384,12960.93
13386,8885.81
13387,14229.07
13393,16992.99
13396,9544.14
13398,12757.33
13400,19598.14
13402,9220.03
13406,28749.08
13408,56251.82
13409,11082.28
13413,15633.41
13414,26624.95
13416,18900.96
13419,45412.96
13420,15717.49
13422,11336.85
13424,27374.45
13432,7799.72
13433,3034.43
13437,15583.34
13438,6871.54
13442,26997.63
13443,15947.04
13444,15307.88
13446,18260.92
13447,43921.21
13449,5795.88
13454,3370.57
13460,22800.715833333335
13462,15728.06
13468,65777.45
13470,15858.1
13472,12300.65
13473,15445.23
13477,28518.8
13478,13527.49
13479,5295.23
13480,8700.24
13496,67258.9
13503,12577.58
13504,37745.48
13505,32253.19
13508,27316.95
13509,12816.51
13513,71178.56
13524,84270.22
13525,11462.96
13526,36753.39
13530,8482.3
13534,21737.58
13535,29950.2
13541,29325.72
13547,57940.14
13551,45350.05
13552,31303.16
13553,18818.55
13558,6474.93
13562,59244.65
13563,15271.4
13566,16397.38
13573,40808.69
13577,27109.06
13581,30645.64
13584,15863.89
13587,10561.08
13594,16024.14
13595,20817.76
13597,27970.6
13603,21863.71
13604,10635.99
13606,14017.04
13610,59050.07
13617,6614.07
13619,32333.88
13620,54930.73
13621,12120.43
13622,32141.19
13624,75297.4
13626,15788.9
13627,12268.55
13628,8827.16
13631,31258.25
13634,46664.73
13639,4280.53
13640,14184.2
13645,3388.98
13647,23589.49
13649,25541.56
13651,17885.94
13652,8970.31
13654,37578.87
13655,45454.48
13662,49437.48
13665,29654.76
13666,15571.84
13668,6471.69
13670,9642.23
13672,15887.7
13678,7426.76
13682,38676.71
13684,38193.71
13689,47980.07
13690,9195.89
13692,45737.89
13695,13558.63
13698,38333.87
13700,14405.2
13702,27307.53
13707,20551.63
13712,3819.01
13713,9736.5
13716,18683.65
13719,34021.12
13721,41398.18
13729,7032.69
13730,25694.46
13731,22960.26
13733,16668.874999999996
13736,21081.64
13742,13481.04
13746,9202.38
13751,43443.55
13755,28290.71
13756,22416.23
13759,15331.17
13767,6771.11
13768,21748.72
13771,2800.88
13774,20362.94
13775,13437.2
13776,13352.76
13781,18423.06
13785,19254.3
13787,35899.05
13788,20571.56
13789,5603.51
13790,18178.54
13791,46907.12
13792,21516.58
13793,45208.69
13794,12421.02
13795,5183.7
13797,18716.16
13804,12786.84
13812,25159.4
13813,19569.69
13814,10233.95
13820,47157.79
13823,5066.03
13825,13445.11
13828,18860.87
13830,62745.71
13831,15290.12
13833,30263.435833333337
13834,42116.11
13837,28723.18
13838,13644.38
13842,17225.69
13845,11530.3
13847,10147.51
13850,17807.54
13854,28705.04
13856,35652.37
13857,10916.76
13858,17969.45
13861,7396.01
13865,5384.91
13869,20931.53
13872,36696.72
13875,20194.37
13877,13200.67
13878,13276.89
13882,58771.2
13885,42094.26
13889,20621.11
13890,12909.9
13892,10910.777666666667
13895,20481.76
13896,19765.04
13897,13525.18
13898,15104.72
13900,11616.81
13901,11981.41
13903,19247.73
13906,39011.61
13909,29247.44
13914,82033.46
13915,27610.86
13916,10313.87
13919,16331.18
13921,8602.46
13922,40196.93
13925,92615.07
13926,28558.62
13927,17700.21
13928,47198.36
13929,2676.92
13930,6674.25
13934,26882.18
13935,5226.28
13944,47157.03
13945,2954.93
13947,15955.27
13951,7656.45
13953,27701.12
13955,15118.18
13958,9259.46
13959,18281.22
13966,34371.52
13967,130482.62
13969,42906.27
13972,47187.89
13978,33539.37
13981,11267.72
13984,12421.6
13991,21866.22
13994,21246.86
13998,18335.8
14001,40886.1
14005,39919.36
14006,12312.62
14008,11014.4
14009,14470.04
14019,43527.36
14020,11309.33
14026,56172.62
14029,30511.58
14037,23523.3
14038,18776.94
14039,16699.25
14042,16617.22
14044,13176.86
14048,18772.62
14052,18560.666666666664
14058,19951.58
14063,7974.15
14065,22385.74
14069,18354.64
14071,19105.21
14072,42580.62
14078,21320.02
14079,9064.71
14080,16040.7
14089,8645.94
14091,16954.53
14094,14584.935
14097,8843.82
14098,21369.3
14099,10939.78
14100,24832.1
14102,62848.26
14105,7995.59
14107,1632.67
14110,18773.01
14111,14870.58
14120,23232.23
14122,17414.61
14126,50250.61
14130,7935.03
14133,17468.21
14135,5017.24
14140,15406.0
14147,12755.91
14150,4941.24
14151,56351.45
14154,30810.36
14156,27279.11
14161,8109.15
14172,7290.73
14173,39627.5
14176,18922.83
14177,20879.02
14178,23970.43
14180,14507.67
14181,9142.56
14182,14568.21
14183,13843.97
14184,42066.48
14186,8942.2
14189,20836.59
14191,17064.67
14192,8206.07
14194,19975.6
14199,11415.25
14201,25259.12
14204,29726.18
14210,22315.65
14211,12942.3
14215,32386.525
14218,4530.15
14219,17835.9
14220,16982.03
14221,9494.52
14224,18051.93
14226,16618.78
14230,48702.31
14234,9631.8
14240,14378.76
14243,5014.3
14245,10683.4
14246,27198.63
14248,18357.18
14251,35228.98
14257,14007.04
14259,12629.1
14262,17781.51
14264,23957.26
14267,56815.94
14273,6657.56
14278,14457.5
14280,47744.57857142859
14286,18602.07
14287,17795.36
14288,9385.283333333333
14291,65116.37
14298,9341.33
14301,44648.2
14304,19970.97
14305,23268.26
14306,19774.59
14307,30827.27
14309,12150.82
14313,12115.9
14314,72131.13
14318,15260.6
14321,6138.26
14326,52832.37
14327,5242.23
14331,16617.28
14332,8338.62
14333,16292.92
14343,41418.13
14351,8066.91
14354,18569.48
14360,29973.42
14361,10628.63
14367,14144.68
14370,20443.02
14371,8308.57
14375,42900.79
14377,35909.5
14382,20269.48
14383,20734.86
14387,49414.17
14391,12364.77
14394,23362.51
14395,16390.7
14399,33869.15
14401,7789.81
14402,15187.91
14404,10694.56
14406,5304.13
14409,37813.89
14410,7975.21
14411,6222.37
14418,17894.91
14420,47449.4
14421,10724.78
14423,7420.78
14424,20686.0
14427,46029.18
14430,14941.77
14431,17810.66
14440,24451.22
14442,6889.906666666668
14444,43121.25
14447,9755.91
14448,34787.2
14449,12557.13
14450,24032.64
14451,13333.73
14452,22189.76
14453,18168.76
14456,18984.83
14462,16885.82
14463,34367.22083333333
14466,10667.94
14468,23206.546666666665
14472,10432.93
14473,38107.54
14474,73085.72
14476,27782.98
14477,38325.57
14480,25903.62
14481,21054.95
14483,17944.98
14488,21390.55
14493,11538.27
14494,18673.46
14500,28265.49
14501,17871.24
14502,26173.38333333333
14503,4277.5
14504,17990.46
14505,14646.02
14506,58450.37
14507,21552.72
14508,19590.45
14512,16531.88
14513,18419.56
14514,10772.13
14515,33536.82
14516,39305.6
14518,35629.58
14519,19960.07
14522,10713.05
14523,68586.59
14524,48642.08
14525,11975.24
14527,31017.84
14530,66860.73
14536,13038.13
14538,25325.19
14548,16433.46
14549,11027.91
14552,3196.16
14553,18863.25
14555,14141.72
14562,27303.08
14564,11036.464
14567,16903.48
14568,16005.0
14572,20538.66
14573,25455.91
14574,7240.58
14575,12882.33
14576,20072.52
14579,22040.5
14581,10353.79
14582,19546.84
14587,11003.91
14588,15556.16
14591,7961.73
14592,38069.14
14596,19902.07
14601,13611.36
14602,57742.11
14605,40857.63
14608,32441.36
14619,16169.1
14622,17159.953999999998
14623,29525.24
14629,10154.33
14630,8042.26
14631,38889.37
14633,35576.0
14638,12026.93
14640,23684.87
14642,7679.51
14643,57940.14
14644,11917.49
14645,36070.04
14650,8518.83
14658,55144.79
14661,19870.37
14664,15138.11
14667,14199.21
14670,48058.41
14671,14154.75
14674,35345.72
14681,38929.56
14682,3847.4
14685,29124.46
14688,7990.81
14691,14347.0
14693,44613.73
14694,17502.54
14697,25038.78
14700,7716.32
14701,17985.94
14703,31560.61
14708,26208.13
14715,8026.59
14718,20538.79
14719,46187.39
14722,7854.05
14724,6436.1
14726,39657.35
14727,20890.37
14729,74237.61
14734,22044.87
14737,16762.16
14742,6353.23
14744,10014.18
14748,7700.45
14749,7136.63
14756,22737.09
14758,33996.61
14760,38028.69
14762,17949.69
14773,21594.76
14776,15544.826666666668
14778,70008.16
14779,10066.54
14780,17692.05
14781,26133.71
14782,12509.44
14784,91542.72
14787,24846.09
14791,17017.95
14792,25552.13
14797,22691.39
14804,11546.29
14806,10451.14
14811,127145.15
14812,9805.82
14814,18945.98
14818,45137.75
14819,9515.62
14827,21417.7
14829,12904.21
14830,8322.22
14836,16988.29
14843,7042.09
14847,43671.08
14848,7241.33
14850,15326.66
14851,15412.68
14854,13466.12
14855,8223.06
14857,10460.99
14858,20232.05
14861,21004.79
14866,24569.64
14870,16235.42
14872,10914.79
14874,7095.06
14883,10879.61066666667
14886,8382.09
14887,23655.43
14889,21807.56
14893,30102.01
14899,22395.80166666667
14900,26410.9
14907,21723.6
14911,18141.2
14913,3385.71
14915,68875.17
14916,21085.89
14919,17484.57
14924,25329.35
14925,31586.97
14927,4498.46
14936,18668.7
14940,14617.8
14943,69340.57
14945,18251.68
14950,20268.903333333335
14952,59815.31
14955,6211.57
14958,17089.7
14964,10273.87
14966,18212.73
14967,13418.6
14968,8135.86
14972,16702.56
14978,11328.45
14982,2841.41
14984,50857.09
14985,7449.87
14986,19979.7
14987,13079.83
14988,21152.61
14991,73289.13
14997,8927.17
14998,28609.69
14999,11176.92
15000,58486.69
15002,33137.92
15003,9826.41
15004,17085.78
15005,31013.74
15006,7197.92
15008,27945.849166666667
15014,6116.28
15021,40521.26
15022,8539.7
15027,12651.46
15031,50445.48
15036,60982.98
15037,8285.9
15038,39637.49
15039,27756.15
15046,33994.89
15047,22437.26
15055,36449.81
15056,29488.43
15061,19283.32
15062,9936.965
15069,20390.033333333336
15072,29037.07
15073,17673.42
15075,8704.78
15076,28252.58
15077,12619.69
15079,29091.33
15082,3686.11
15085,14149.8
15089,14515.43
15093,2885.85
15094,25401.68
15095,4114.36
15098,15035.21
15099,15407.62
15104,38986.53
15105,14908.51
15109,16573.69
15112,9755.86
15117,27969.84
15124,17594.503333333334
15127,6508.94
15131,19383.97
15132,18587.2
15134,20879.49
15144,10549.6
15145,13912.01
15146,54585.83
15147,20408.04
15148,42207.56
15150,6776.39
15155,27421.36
15156,10870.52
15157,52762.63
15160,31331.84
15163,47480.03
15165,12887.58
15168,43781.53
15170,4941.24
15172,24961.97
15175,29047.44
15176,28599.01
15182,15394.57
15183,55910.24
15186,19209.58
15188,52074.81
15189,41277.2
15196,84263.55
15203,47798.87
15204,18693.27
15205,18814.12
15208,2868.26
15212,34307.08583333334
15213,18418.1
15220,15487.79
15225,6925.43
15228,3589.85
15229,4710.08
15231,10280.72
15232,7468.64
15233,15377.61
15242,21910.89
15243,6557.07
15247,16088.39
15259,20951.98
15261,6265.61
15263,6609.68
15264,14093.28
15271,20405.81
15272,66034.11
15275,11320.15
15277,20008.02
15280,31918.51
15284,55350.44
15285,21507.79
15286,15419.31
15287,18095.43
15289,10545.16
15290,20001.25
15292,23164.04
15295,3832.47
15297,20209.79
15298,10273.89
15300,49476.12333333333
15305,17317.0
15306,15871.99
15309,58398.4
15314,22524.23
15315,6135.5
15320,16257.07
15321,19593.15
15322,18054.0
15325,30263.435833333337
15327,29950.2
15329,6661.08
15338,55423.58
15339,22921.16
15342,18262.66
15345,12007.9
15346,50169.45
15347,13619.26
15348,14526.84
15353,13552.88
15356,14733.51
15360,12975.613333333335
15365,17437.76
15372,13559.36
15374,20826.52
15375,31983.15
15380,20154.61
15388,15739.41
15393,22909.72
15400,7228.02
15404,34587.33
15406,4342.35
15407,18440.05
15409,6687.51
15410,20539.24
15411,24017.94
15413,24252.39
15414,40805.53
15415,19487.69
15416,6553.64
15420,8248.4
15423,6016.27
15430,24639.09
15431,11625.61
15434,42919.99
15436,25808.38
15437,13693.91
15440,8817.21
15443,26450.04
15444,119860.94
15445,31792.15
15446,45501.8
15447,39453.17
15452,53730.4
15454,16647.12
15455,42726.38
15461,11173.19
15462,14719.13
15463,26056.37
15464,17608.82
15465,37736.27
15467,26017.29
15470,29847.99
15471,15343.45
15473,28895.35
15479,23670.5
15481,11642.159
15483,1444.0
15487,9947.93
15489,8568.7
15496,7215.12
15499,9404.14
15500,29241.29
15506,6283.53
15507,25732.14
15509,31088.52
15511,34705.08949952825
15512,20282.81
15513,14008.69
15514,10872.33
15516,17090.96
15519,14252.81
15520,17986.55
15521,32763.84
15527,8478.82
15529,18165.09
15536,26752.63
15539,10471.09
15543,20601.04
15547,37492.44
15548,28168.8
15550,1359.71
15566,19848.58
15568,15065.29
15575,5262.56
15579,47079.17
15581,6941.08
15583,31604.19
15588,31193.59
15595,34819.79416666667
15597,31747.01
15599,10379.14
15602,17436.86
15603,6879.19
15606,9194.72
15607,30323.43
15608,11296.18
15609,10576.92
15611,15946.5
15614,19714.11
15615,9921.37
15619,39576.41
15620,18394.89
15623,30449.92
15624,6494.16
15625,14433.06
15626,13637.42
15627,58095.12
15631,18103.88
15632,13292.67
15634,15193.95
15639,12528.71
15641,6607.28
15645,11184.04
15648,6767.203333333333
15649,9060.82
15654,6990.39
15656,45564.81
15661,57989.44
15664,48647.11
15665,20278.76
15668,19706.54
15670,22145.83
15671,12993.69
15675,1417.03
15677,32249.183333333334
15683,27553.9
15687,22134.15
15691,10622.684
15692,18124.78
15694,16406.7
15699,11113.7
15700,10903.79
15701,46968.76
15702,33595.9
15703,20008.02
15704,41655.19
15707,20450.92
15708,44245.76
15709,20383.84
15710,10990.76
15714,47599.1
15717,27907.33
15718,11983.41
15731,55603.38
15732,42094.26
15733,26803.38
15734,11363.8
15738,12048.06
15742,35567.39
15748,17632.695
15750,28283.18
15753,24354.19
15755,17454.51
15757,21832.21
15762,31510.8
15763,14534.75
15765,37772.1
15766,45740.12
15768,34891.77
15776,22762.69
15779,8236.22
15785,30344.77
15788,36138.3
15790,26012.42
15792,43743.04
15793,18760.25
15795,7119.07
15798,7797.83
15803,34113.06
15805,21700.61
15807,20583.65
15808,16625.65
15814,8348.12
15815,20686.8
15820,34419.985121489626
15824,59147.45
15826,20159.406666666666
15827,17849.38
15830,8986.03
15831,20914.52
15834,34237.01
15835,12623.49
15836,10283.73
15838,10118.82
15840,29657.69
15843,9904.96
15846,10214.11
15850,6236.12
15852,7977.24
15853,5443.78
15856,8277.81
15858,6714.47
15860,15838.09
15863,31393.18
15869,25117.24
15870,11272.59
15873,25450.61
15875,36688.02
15877,8553.04
15889,15072.46
15890,9287.06
15891,43564.91
15892,12415.97
15893,33329.42
15901,21390.17
15907,18097.4
15910,26142.85666666667
15912,15636.34
15915,31807.94
15921,19826.18
15922,19089.82
15925,23393.25
15928,13975.16
15929,20914.59
15933,7672.59
15934,13322.26
15935,19908.59
15936,24397.32
15941,9218.57
15943,25870.96
15946,17321.28
15950,18986.29
15959,20672.67
15963,18816.02
15964,8481.64
15969,12390.61
15972,31307.69
15973,51189.55
15978,18756.56
15981,38860.96
15985,47431.45
15986,31870.49
15987,42718.75
15988,21830.91
15989,18176.11
15990,34597.98
15991,42580.62
15992,16527.46
15994,17050.74
15996,29662.64
16011,13624.56
16016,16595.6
16018,64908.33
16021,45965.03
16023,23726.8
16027,20564.89
16029,16779.5
16030,24378.73
16034,22332.17
16037,14451.7
16042,70185.11
16043,36078.76
16044,34363.08
16046,21675.72
16052,43021.99
16057,18062.07
16062,17539.7
16063,67163.32
16064,25907.27
16066,8243.61
16067,11810.19
16070,32249.2
16072,54434.17
16073,2335.25
16077,15793.05
16080,28092.5
16084,19625.75
16086,10441.52
16087,41323.86
16093,12665.0
16097,39291.8
16099,15919.51
16101,6030.12
16103,7634.83
16112,42873.26
16113,20787.32
16116,18793.12
16120,33236.1
16122,24070.16
16126,19312.93
16127,22923.15
16129,17266.09
16130,21269.636666666665
16136,9566.47
16145,25075.01
16147,13505.46
16152,6617.87
16157,19237.73
16158,16499.18
16160,45531.58
16161,50521.62
16165,11488.78
16166,6096.21
16167,55125.59
16172,10692.675
16174,14883.62
16176,10892.76
16181,56397.56
16188,4678.18
16196,21803.23
16197,17871.24
16198,35775.63
16199,11268.95
16203,44523.95
16206,5852.38
16207,4265.77
16214,57705.49
16215,8687.146666666666
16216,40863.41
16217,9555.65
16225,33476.48
16226,26622.23
16227,12159.31
16229,2070.59
16230,69074.39
16232,9675.47
16233,37502.33
16235,21844.63
16237,9462.58
16242,14579.02
16246,6681.48
16252,29706.65
16253,31476.99
16255,47945.24
16259,41844.15
16260,31851.0325
16263,44962.56
16264,29733.89
16272,12818.37
16279,5923.92
16280,47184.23
16288,18952.95
16289,23920.49
16290,14327.553999999998
16292,44584.02
16295,21714.78
16297,12078.27
16298,18820.72
16301,21077.91
16302,11391.06
16307,49791.99
16310,25698.22
16311,21909.28
16313,19329.49
16314,21006.39
16318,27214.5275
16319,9267.66
16320,10764.64
16324,20400.75
16325,8898.39
16326,37013.94
16327,17436.196666666667
16329,14228.83
16330,51153.69
16334,15881.52
16339,17085.41
16342,22050.31
16343,46526.73
16344,10986.43
16345,42468.89
16347,18679.91
16348,19946.7
16350,45760.2
16351,51341.23
16353,11242.2
16354,19178.76
16356,20919.53
16358,32867.6
16361,15015.39
16362,36920.547999999995
16368,17372.38
16370,28124.98
16371,8191.43
16372,19533.5
16373,12823.34
16376,38489.24166666667
16380,18238.81
16381,16986.82
16385,5422.05
16386,33878.0
16388,31504.75
16389,12169.95
16392,12274.0
16394,69391.75
16395,19815.66
16396,19870.96
16397,14941.08
16399,20062.81
16404,23793.54
16405,24414.88
16406,10578.07
16408,25823.08
16409,24892.31
16413,63378.9
16424,37274.41
16427,21396.34
16429,10676.87
16434,9677.56
16435,13646.61
16437,24141.47
16443,5259.69
16446,8012.03
16447,29152.9
16453,27430.62
16455,34792.67
16459,62286.93
16460,18529.31
16462,16422.68
16463,8320.88
16464,34256.68
16465,45089.14
16467,9012.48
16471,8692.64
16472,11614.13
16475,18051.93
16479,19225.87
16482,13021.92
16489,15579.09
16490,13637.42
16493,41114.01
16498,17424.81
16500,16833.04
16502,12903.07
16504,17089.7
16507,6383.25
16508,28560.54
16513,36947.65
16516,18216.23
16525,10313.73
16530,19329.49
16531,54031.56
16535,18517.63
16536,5359.02
16537,10214.57
16538,49229.17
16539,7705.65
16540,18854.43
16541,6652.12
16543,47889.52
16546,15980.38
16551,35994.66
16552,35256.67
16557,14733.1
16559,16005.0
16563,13653.96
16568,7869.21
16570,14934.88
16572,18157.15
16575,46471.26
16579,13296.42
16580,48659.44
16585,40249.92
16586,15167.98
16588,73384.02
16589,16401.77
16591,10776.46
16593,5538.66
16595,17849.5
16596,20113.48
16599,11485.47
16601,20432.07
16604,16270.14
16605,53443.62
16610,57430.31
16611,72176.26
16612,14955.1
16614,9921.37
16615,14133.43
16625,11664.454
16627,26620.84
16643,31069.92
16644,19795.25
16648,24593.65
16649,18185.4
16652,17789.26
16653,15433.33
16654,1873.54
16658,24024.34
16659,14128.46
16660,30479.25
16662,8895.2
16667,20255.596666666668
16673,19684.91
16674,5966.75
16675,14251.15
16676,4475.84
16680,22686.65
16681,29755.56
16682,30745.59
16684,17123.19
16690,18804.99
16693,35654.13
16696,14546.66
16699,15669.08
16700,65575.1
16701,17977.42
16702,48444.95
16703,9321.03
16706,22229.18
16713,19517.28
16719,23447.046666666665
16721,46848.18
16724,2527.93
16725,34605.87
16731,19132.683333333334
16733,33784.08
16740,6717.88
16743,21799.08
16746,22219.16
16747,51151.73
16750,38228.5
16751,10576.51
16754,24907.07
16756,22188.37
16762,5539.18
16768,17724.25
16769,12728.78
16772,26801.71
16775,19708.78
16776,14686.01
16786,13367.93
16789,51223.33
16790,11622.69
16791,19765.04
16794,16250.64
16795,45510.76
16797,14795.0
16798,14794.22
16804,15462.86
16806,35299.87
16815,15586.3775
16819,17775.11
16821,65022.81
16824,30518.33
16827,19998.1
16828,10151.13
16831,17789.35
16834,24069.17
16838,14167.72
16841,13931.13
16847,28675.62
16848,22557.06
16853,14948.79
16855,7794.16
16858,11053.29
16862,60741.23
16864,27899.578571428574
16869,16141.42
16873,41427.85
16880,19710.0
16882,18792.5
16883,19446.67
16884,15461.59
16885,17603.95
16886,14120.34
16887,77522.54
16889,9396.2
16891,31102.92
16893,8740.13
16895,10032.245
16899,43565.14
16901,56760.13
16902,39025.09
16906,12830.04
16912,9280.15
16914,11553.44
16915,9429.17
16916,8013.69
16919,21020.64
16923,20822.051666666666
16925,20510.97
16926,19485.24
16932,14810.81
16935,18240.4
16939,18467.16
16942,10083.05
16948,22003.86
16950,16037.61
16951,22341.22
16953,16491.6
16955,14440.66
16959,19782.88
16968,21047.88
16973,20940.14
16978,18866.11
16983,24165.28
16987,21864.98
16992,12421.065
16994,14122.12
16999,8379.3
17000,65350.72
17001,20020.66
17002,12520.95
17004,15896.57
17007,29745.94
17012,20221.51
17015,8882.49
17016,9700.66
17018,9871.43
17026,17194.59
17027,25921.67
17028,9295.44
17029,22497.57
17035,12031.78
17036,9990.84
17039,9646.11
17040,21761.97
17041,15192.16
17042,27587.65
17043,11794.27
17049,15159.8
17055,32490.396666666664
17056,21209.66
17057,18423.0
17058,34305.94
17060,14057.73
17061,7641.83
17064,15137.37
17065,7002.55
17067,17420.36
17068,10418.96
17069,23974.14
17074,29761.31
17076,47088.6
17079,20513.9
17087,16961.77
17090,45686.63
17091,9647.3
17092,10594.11
17094,18214.71
17097,11689.64
17099,31118.72
17100,10132.79
17104,46788.18
17105,19659.71
17109,34367.22083333333
17111,5798.53
17116,1829.99
17118,9910.27
17123,8626.41
17125,23565.45
17128,17550.916666666668
17129,5986.61
17135,56753.18
17138,21570.4
17139,18255.94
17140,3207.27
17142,29173.21
17143,15803.57
17147,29737.84
17149,16181.34
17156,66900.77
17158,56078.01
17161,11662.59
17165,65092.33333333333
17166,13018.26
17167,62018.41
17174,57446.48
17175,19825.47
17181,31241.62
17183,52512.7
17184,46565.4
17187,20321.76
17188,7273.8
17189,27303.08
17190,57244.53
17195,40296.06
17199,32141.32
17204,41764.55
17213,16071.08
17214,60629.23
17215,57482.51
17216,28709.41
17218,13778.76
17219,18635.43
17220,25468.48
17222,29711.06
17223,19688.48
17228,43336.02
17231,8454.38
17234,33307.43547619047
17240,13792.88
17245,19254.77
17246,27932.21
17251,20085.16
17252,38567.6
17253,20033.85
17255,7757.8
17256,19309.17
17257,15394.57
17264,20718.0
17265,30763.3
17266,26711.04
17267,44225.55
17269,33827.75
17271,38037.27
17272,14984.8
17273,47292.4
17274,18860.33
17276,3096.99
17279,8766.36
17280,93914.56
17284,21179.05
17288,19410.64
17290,45090.08
17292,72344.58
17293,42525.9
17295,11042.71
17297,55475.1
17301,19297.99
17302,70956.05714285714
17303,10907.552666666666
17310,29948.89
17313,18352.5
17315,14168.03
17318,14422.26
17319,4271.35
17320,36625.71
17322,24422.35
17327,34892.591
17329,28695.77
17330,57017.67
17335,9891.75
17336,24034.09
17339,15576.28
17342,12624.2
17343,10914.05
17344,19732.19
17348,10389.98
17349,47744.57857142859
17360,63003.991428571426
17364,17411.66
17367,9703.5
17369,9270.66
17372,10396.15
17374,29815.07
17377,10488.17
17380,43715.4
17383,29577.04
17386,13361.16
17388,8347.84
17392,17038.64
17400,45628.18
17401,12148.31
17406,25452.14
17410,26493.045277777775
17411,41587.8
17412,29717.82
17417,18606.74
17418,61594.3
17422,18340.01
17426,11604.67
17427,42655.09
17432,32017.22
17434,7456.32
17435,20324.06
17442,30078.33
17443,25279.81
17447,34393.69
17448,22243.21
17450,34326.89
17460,15760.3
17461,30638.67
17463,56888.66
17465,36970.96
17467,14617.93
17468,64057.24
17469,15840.78
17472,5326.4
17473,15440.81
17476,17398.3
17478,25572.63
17482,29675.171666666665
17485,9941.87
17491,42681.12
17496,34305.75
17500,6175.37
17501,20590.49
17504,13410.94
17509,51406.83
17511,30453.944444444445
17514,42316.31
17517,20517.67
17518,27870.31
17527,21674.66
17530,29055.05
17533,9728.6
17538,19998.86
17540,14950.53
17541,127712.75
17551,8494.07
17556,15104.09
17558,20497.62
17562,20219.38
17563,30397.06
17564,13831.95
17565,9207.65
17571,46532.84
17572,20245.54
17574,42448.83
17580,20248.93
17585,5802.89
17586,18558.78
17589,19118.735
17594,11072.56
17595,15407.01
17601,14625.98
17606,15662.29
17607,18047.78
17614,43836.27
17615,47322.0
17620,23779.58
17622,21155.36
17628,46685.53
17630,23821.95
17636,7724.55
17637,6898.793333333332
17640,17891.85
17642,2899.23
17646,16659.983333333334
17647,26554.44
17648,21243.54
17652,33632.61
17653,13503.2
17654,27677.37
17655,19189.68
17658,15134.69
17661,12439.53
17663,14615.63
17666,21231.0
17667,8889.83
17668,20241.11
17674,47983.85
17677,10391.85
17679,8027.68
17680,17663.63
17683,29445.98
17684,32942.48
17687,27512.42
17691,14131.85
17694,69675.04
17695,66804.05
17700,26237.662726481034
17704,20495.29
17711,19866.33
17716,20528.76
17718,23310.35
17724,8472.68
17726,2438.15
17730,39797.7
17731,24009.95
17733,6450.75
17736,43527.36
17737,25773.79
17738,48434.58
17739,7781.14
17740,7572.67
17742,11036.69
17743,9004.36
17746,19151.31
17747,10231.44
17748,63515.96
17751,56222.28
17754,9615.79
17756,27858.14
17757,58568.82
17758,29418.6
17759,22069.4
17762,7991.16
17764,18141.24
17766,20495.02
17767,7055.18
17769,14285.75
17771,36906.01
17774,23033.21
17780,10159.96
17781,4590.52
17787,21405.395
17788,15218.18
17791,11064.13
17795,17856.42
17798,20967.17
17799,24636.43
17801,14202.19
17803,16136.1
17804,9014.27
17808,18249.22
17809,72455.81
17813,63835.03
17814,5499.72
17816,22799.23
17824,19981.32
17825,44951.59
17828,21547.68333333333
17830,42027.38
17833,26128.18
17834,35962.4
17836,19481.25
17839,8898.39
17843,15016.923333333338
17844,10332.52
17845,9577.04
17847,20092.43
17852,22130.36
17856,35245.39
17863,27050.36
17864,25157.24
17865,31121.79
17870,21390.27
17872,4360.9
17873,34799.21583333333
17877,8078.9
17882,19852.93
17883,19045.02
17888,7768.59
17893,28850.55
17901,55882.64
17903,48507.3
17907,19253.48
17909,19642.96
17910,22454.240833333333
17913,99636.12047619048
17915,32867.6
17916,59814.89
17919,15388.13
17921,13629.62
17923,39323.07
17925,17154.93
17929,17621.09
17931,38203.77
17934,18123.78
17937,36365.35
17938,15542.52
17943,9921.05
17950,19284.7
17953,20935.1
17955,18398.6
17960,14739.64
17966,22618.29
17967,65263.38
17968,8433.86
17969,17761.27
17970,14686.01
17972,94972.55
17977,55412.74
17978,9976.75
17980,54612.34
17984,23331.34
17986,26142.486
17992,17417.14
17993,19695.07
17995,15977.6
17998,8577.38
18000,44038.86
18004,57364.63
18009,16888.54
18010,27939.85
18014,27385.61
18016,16757.78154761905
18019,16833.64
18029,12054.1
18031,19134.88
18034,14913.8
18037,45295.17
18040,62814.8
18045,12986.38
18046,21216.86
18049,16642.75
18050,27578.46
18056,42701.58
18058,7288.38
18060,6022.26
18064,20225.68
18065,13071.49
18066,59909.05
18067,19956.64
18070,33057.62333333333
18072,6890.92
18074,22408.37
18076,15373.65
18079,29157.175
18083,26051.195
18086,56452.83
18090,43708.49
18106,38813.76
18109,27436.35
18114,18280.21
18118,60499.43
18120,10724.14
18122,20124.57
18126,33723.29
18129,19982.29
18133,10814.594452380952
18135,8002.68
18142,35820.46
18152,20233.97
18159,67822.08
18164,15976.2
18165,27556.69
18167,31843.34
18170,24344.52
18171,23566.69
18174,47093.09
18176,48058.41
18179,36995.71
18181,19260.98
18190,29198.834642857146
18193,39358.16
18195,48874.15
18200,17142.55
18201,44703.72
18205,8677.86
18208,59195.01142857143
18210,18398.6
18211,37536.68
18213,26744.38666666667
18214,58615.33
18217,60007.34
18219,20435.0
18220,7499.84
18232,14306.26
18234,29926.19
18239,25969.59
18240,64813.16
18242,10417.67
18248,60835.92
18254,19119.19
18256,7971.18
18257,14015.9
18265,20965.08
18267,65777.45
18273,12766.14
18276,21821.4
18282,10484.1
18285,4483.05
18286,10249.3
18290,9244.78
18297,10845.09
18300,16984.68
18305,26496.66
18306,17687.16
18307,29614.49
18308,10300.44
18310,7827.35
18314,2118.96
18315,17882.72
18317,12201.79
18321,92844.27
18323,10616.69
18325,37354.94
18327,4529.44
18330,11057.77
18336,38591.05
18337,20746.2
18341,17827.06
18342,46395.41
18345,20366.29
18347,30734.4
18350,27302.42833333333
18354,15134.67
18355,12514.34
18359,11820.74
18361,7182.34
18362,14331.44
18370,11452.54
18372,19536.02
18376,15159.8
18378,27204.44
18379,35523.718
18381,43871.03
18383,20134.74
18389,27566.81
18392,23365.37
18393,16071.94
18396,37220.33
18400,65260.89
18401,45837.2
18404,14638.03
18409,43775.03
18410,5827.78
18412,17266.15
18420,45789.61
18421,40320.74
18425,10819.46
18427,9394.56
18429,16238.85
18431,14603.44
18432,4375.76
18435,19603.37
18436,23447.94
18437,34177.18
18438,21656.22
18442,56716.84
18445,30352.07
18446,14452.49
18447,19446.67
18450,31344.16
18451,4689.79
18454,28504.46
18455,8484.38
18456,57591.8
18461,19607.07
18462,64032.33
18463,21345.58
18464,58277.74
18471,37616.98
18472,40882.49
18476,20082.81
18483,36854.45
18485,41325.91
18493,13428.98
18495,29926.19
18498,20581.25
18503,8165.88
18511,28704.16
18514,15002.14
18523,10229.03
18524,25136.76
18525,3582.8
18529,15093.21
18531,43880.89
18532,14799.55
18533,14537.16
18539,6691.7
18542,13863.29
18545,5264.13
18546,16451.98
18549,11046.4
18551,10826.9
18553,21170.24
18564,7562.3
18565,21358.59
18568,4952.2
18570,27952.15
18572,19435.18
18575,14329.76
18578,31960.88
18579,8365.52
18580,16218.88
18582,17994.83
18585,20151.66
18587,18332.92
18588,31733.23
18597,12016.07
18601,19186.45
18603,51117.93
18608,10252.06
18609,34344.82
18611,40108.16
18613,19620.81
18620,9926.51
18624,13613.73
18625,28073.84
18628,10959.28
18629,12372.36
18630,5902.67
18631,36269.54
18632,27226.92
18634,7316.706666666665
18648,12211.21
18650,27878.2
18657,134657.16
18658,69457.12
18664,22106.73
18667,14728.44
18671,13026.48
18674,27968.53
18678,11067.93
18680,9612.48
18681,16554.82
18684,9504.52
18685,44638.76
18690,17756.3
18693,17705.01
18695,17453.72
18700,36648.25
18703,34451.41
18705,20840.78
18709,40931.42
18710,5195.56
18711,11625.47
18713,33369.36
18716,18065.68
18720,21319.46
18721,23279.47
18725,14523.96
18727,22914.74
18733,16841.9
18738,24132.06
18740,10005.45
18741,11706.91
18744,31706.4
18748,40356.58
18749,20291.59
18756,8431.14
18759,16183.0
18760,21254.11
18762,34808.635
18769,8464.88
18772,24695.24
18773,56179.74
18775,11212.51
18777,22536.61
18779,7235.48
18782,15345.47
18783,23821.09
18788,9227.33
18793,32371.36
18796,32916.986666666664
18797,30976.53
18798,14618.9
18799,45429.87
18800,52253.76
18802,16972.22
18803,20549.47
18809,11506.56
18815,41294.67
18820,33427.86666666667
18821,17321.47
18823,48636.07
18825,20242.63
18827,15756.12
18829,20477.49
18831,20549.88
18832,21180.02
18833,8095.11
18835,55271.06
18843,2388.59
18844,11336.42
18845,8768.44
18849,57281.3
18854,2513.39
18862,22777.12
18863,49503.77666666666
18864,14973.69
18865,22321.13
18870,9880.27
18873,14470.73
18876,9942.355
18878,42027.81
18882,15451.4
18884,3489.07
18897,22889.78
18899,10118.32
18900,15850.13
18904,24274.07
18906,17447.53
18907,12126.27
18912,47388.73
18915,32791.13
18916,19372.19
18917,35461.3
18918,14268.75
18920,14422.26
18923,30215.89
18925,40949.63
18926,22954.32
18927,44262.78
18928,36509.77
18930,17252.11
18931,14048.4
18934,45538.88
18936,9082.96
18938,17335.48
18941,19830.42
18942,20048.74
18950,5609.6
18951,30601.28
18952,20277.9
18953,25328.89
18955,6749.193333333333
18965,14243.64
18968,35354.5
18969,42037.31
18970,6176.63
18972,27107.13
18975,6421.36
18985,8524.11
18989,30429.29
18993,70208.99
18996,19338.16
18998,15735.59
19003,11749.11
19007,23562.5
19009,10148.27
19010,38917.84
19011,25788.83
19018,12014.22
19019,25863.985846139156
19030,34620.54
19036,39261.01
19038,23722.23
19043,10611.74
19054,14953.24
19060,10580.8
19062,16666.29
19065,13099.78
19066,7495.066666666665
19072,6145.28
19073,14843.13
19075,28650.353333333336
19077,65330.85
19079,13418.57
19087,58604.92
19091,4357.2
19092,30810.47
19094,9971.81
19096,62664.41
19100,4621.986666666667
19111,42390.269761904754
19112,29277.78
19116,32992.81
19117,17933.06
19131,8054.66
19132,8033.17
19136,29385.47
19150,21951.35
19151,28781.39
19152,37962.92
19153,8942.75
19157,19392.08
19163,34953.16
19167,16250.42
19168,15134.67
19170,22794.79
19171,16470.25
19175,20586.89
19177,17214.2
19179,10575.12
19180,52345.84
19181,33087.27
19184,54841.91
19187,53348.83
19190,5142.89
19195,25073.52
19197,6576.06
19199,28379.97
19204,29089.78166666667
19211,23761.84
19214,14699.78
19215,76110.89
19217,3598.54
19218,14886.57
19228,65683.1
19229,14267.53
19232,26188.75
19235,31357.27
19237,18820.3675
19239,7615.34
19243,17680.72
19244,23335.57
19245,19624.31
19249,17221.59
19251,44202.26
19257,28094.58
19263,20657.88
19264,20526.02
19265,25515.33
19267,55398.8
19272,26753.23
19277,12712.29
19285,10210.52
19287,33765.3
19288,3064.76
19290,25686.69
19291,14501.49
19292,16363.41
19293,6864.67
19297,11460.14
19300,18183.17
19301,16901.35
19306,57661.52
19308,20013.49
19309,20457.5
19314,17795.7
19315,7983.22
19317,10922.99
19318,19672.47
19319,92869.62
19322,25867.35
19327,19746.22
19328,19672.97
19330,10558.38
19332,19969.59
19333,22516.5
19335,48159.40666666666
19336,45090.08
19338,11306.32
19341,11828.26
19343,42955.05
19348,16877.995
19351,11191.1
19354,18721.52
19355,30646.12
19357,22047.89
19358,18789.84
19360,11135.46
19362,34730.86
19365,35643.06
19366,11874.24
19367,37097.359861111116
19368,12050.36
19370,17652.02
19373,10700.604
19376,14457.93
19377,18429.99
19386,38938.5
19387,9114.58
19389,36314.94
19397,20263.03
19398,22095.79
19401,16356.97
19402,37919.48
19405,13157.4
19408,7251.253333333334
19410,15217.78
19411,18522.7
19412,16572.45
19414,36843.45
19416,41693.23
19420,20206.0
19422,5259.69
19423,132526.67
19427,63999.34
19429,11866.93
19430,27943.67
19431,21710.317738095237
19435,20262.92
19440,67817.13
19441,12237.79
19444,26792.02
19446,26191.57
19450,91924.3
19453,8303.09
19455,32057.33
19456,9323.86
19460,48078.68
19466,10956.42
19471,30090.23
19472,12528.71
19475,30693.15
19486,37370.73
19487,12545.18
19490,13506.41
19491,10732.9
19493,19653.38
19497,21200.15
19499,30352.07
19500,9472.31
19501,46060.1
19503,41403.27
19505,42538.47
19506,33302.11
19509,15801.21
19510,35695.82
19512,9209.49
19515,53231.56
19519,33499.17
19521,16432.73
19522,29700.4
19533,22402.35
19536,53721.8
19537,16875.6
19539,12985.59
19549,28346.8
19551,14416.99
19553,21047.01
19555,57347.97
19557,30019.78
19558,26595.8
19559,34851.45
19560,11920.22
19562,18644.86
19563,8449.93
19568,10532.76
19572,28265.49
19579,7059.25
19582,2327.5
19584,20337.01
19586,22411.55
19589,13059.63
19595,9283.07
19597,17075.02
19598,35231.46
19603,8082.9
19606,29367.55942307692
19607,60102.82
19611,38272.26
19613,20256.92
19615,27865.61
19616,17985.94
19618,47397.36
19620,18856.41
19626,20700.08
19630,20203.43
19631,3088.3
