ID,predict
53608,0.83
51055,0.86
52573,0.07
50458,0.13
52272,0.27
52072,0.84
50973,0.4
50553,0.06
53135,0.27
53835,0.33
51843,0.04
54145,0.32
53878,0.2
54216,0.28
51728,0.26
52863,0.11
50760,0.48
50823,0.37
53928,0.77
52683,0.67
50200,0.25
52984,0.05
50747,0.21
54128,0.12
52001,0.87
50276,0.41
52651,0.71
53535,0.09
52387,0.31
52884,0.93
53205,0.22
52873,0.32
52376,0.49
51950,0.5
51650,0.85
53901,0.11
51919,0.28
50065,0.02
52885,0.43
51413,0.14
52768,0.37
51375,0.2
54157,0.23
53328,0.11
53362,0.08
52202,0.06
50640,0.18
52298,0.53
53477,0.08
50078,0.21
51998,0.26
52336,0.12
52654,0.16
53341,0.17
53868,0.68
52945,0.15
52411,0.13
52222,0.17
51813,0.05
50175,0.31
51744,0.15
53521,0.83
51261,0.03
51619,0.01
51479,0.23
52020,0.14
53306,0.07
53013,0.64
50117,0.11
51992,0.44
54233,0.93
51709,0.77
50930,0.12
50637,0.18
52333,0.38
51627,0.18
53524,0.12
50167,0.05
50330,0.68
53678,0.06
53581,0.78
50243,0.24
50237,0.07
53032,0.76
50235,0.12
50012,0.21
53264,0.48
50729,0.23
53195,0.16
50069,0.71
52091,0.37
50697,0.09
51477,0.13
52262,0.55
53822,0.08
53533,0.85
52983,0.47
50777,0.28
53630,0.18
52743,0.21
52584,0.65
51428,0.24
54194,0.04
52849,0.59
52839,0.7
52867,0.01
53043,0.4
52266,0.14
52478,0.38
51336,0.93
52840,0.28
51997,0.13
53976,0.29
50670,0.19
50370,0.29
50921,0.13
50983,0.25
51456,0.38
53104,0.61
50594,0.38
52201,0.17
52992,0.05
50240,0.26
50014,0.2
52583,0.19
52625,0.17
51357,0.44
50080,0.15
50521,0.07
51886,0.23
52367,0.07
52917,0.07
53378,0.11
50779,0.11
52352,0.21
50021,0.44
50726,0.21
52679,0.04
50389,0.24
50905,0.05
50409,0.34
52473,0.19
52089,0.1
50522,0.1
50603,0.67
53796,0.34
53167,0.05
53351,0.06
53680,0.87
53273,0.66
52913,0.12
50098,0.11
53479,0.13
50804,0.24
50074,0.72
53635,0.0
50189,0.75
53138,0.47
53786,0.56
50268,0.1
53688,0.43
51962,0.14
53639,0.22
53792,0.31
52631,0.53
50129,0.28
52712,0.2
50432,0.57
53221,0.25
53474,0.44
54232,0.41
50151,0.2
52516,0.77
53019,0.03
52510,0.6
50252,0.01
53354,0.42
50448,0.91
52796,0.05
50641,0.26
52189,0.2
53588,0.77
53324,0.33
51809,0.44
50258,0.71
54271,0.21
52785,0.26
50026,0.42
51529,0.13
51636,0.37
52050,0.27
52419,0.22
53228,0.67
52425,0.14
53470,0.14
52139,0.14
50471,0.31
52374,0.85
50136,0.1
51736,0.27
52638,0.09
51458,0.1
51027,0.28
51870,0.79
50960,0.75
52212,0.1
53337,0.11
51421,0.19
51740,0.07
52988,0.46
51551,0.1
51574,0.6
52285,0.13
51984,0.95
52735,0.85
52037,0.06
51522,0.81
52383,0.49
53724,0.56
52435,0.12
51506,0.18
53863,0.77
53212,0.22
50955,0.46
51646,0.14
50769,0.13
50675,0.33
54180,0.13
50174,0.75
52475,0.15
52472,0.23
52312,0.02
51007,0.1
52287,0.46
52334,0.09
50354,0.12
52462,0.02
52731,0.01
53106,0.09
52469,0.84
53076,0.46
50177,0.33
50028,0.63
51856,0.3
53294,0.51
50394,0.64
50791,0.28
51325,0.15
52366,0.5
50372,0.31
51474,0.1
54117,0.11
50413,0.66
51471,0.13
52079,0.06
51553,0.69
52207,0.1
53764,0.07
50806,0.18
52853,0.26
53938,0.66
50353,0.27
52097,0.04
52780,0.81
50390,0.2
53988,0.19
53910,0.96
52128,0.95
53569,0.15
53007,0.08
54039,0.39
52755,0.15
52545,0.45
50342,0.19
52793,0.62
52238,0.08
50782,0.93
51376,0.85
51520,0.06
53075,0.12
51600,0.5
53834,0.16
53964,0.19
51767,0.05
51481,0.06
52998,0.36
52217,0.7
53890,0.02
54196,0.04
53749,0.13
52076,0.67
54197,0.03
52307,0.42
53787,0.33
53805,0.33
51806,0.31
52795,0.69
50256,0.13
51457,0.43
53506,0.09
52765,0.05
52461,0.11
53081,0.05
54086,0.02
52554,0.11
51764,0.2
53689,0.33
53653,0.73
53401,0.23
53402,0.33
50395,0.26
50326,0.15
51830,0.1
52574,0.13
53670,0.33
52802,0.1
51045,0.1
51836,0.42
50694,0.13
52152,0.02
52778,0.04
53770,0.31
50455,0.94
54001,0.09
53067,0.73
52400,0.82
53799,0.33
50962,0.1
50657,0.21
50171,0.36
50035,0.09
52200,0.09
51700,0.31
53259,0.37
51955,0.09
52414,0.28
54195,0.03
54276,0.15
54079,0.13
52979,0.04
52621,0.03
54256,0.04
50901,0.21
50862,0.17
52528,0.71
53016,0.22
50083,0.14
50128,0.06
51496,0.38
51860,0.75
53311,0.2
54125,0.13
50503,0.81
54142,0.26
51849,0.59
50757,0.43
53726,0.0
53211,0.09
51148,0.14
50677,0.1
52512,0.17
51615,0.06
50357,0.49
53691,0.26
54132,0.34
52492,0.28
52664,0.78
50125,0.56
50306,0.1
50746,0.03
52858,0.17
52481,0.71
50216,0.11
53087,0.15
52669,0.21
53386,0.01
50662,0.55
50508,0.12
51989,0.94
51005,0.09
50311,0.16
51450,0.04
50579,0.45
52130,0.05
51125,0.86
51894,0.67
51270,0.14
50060,0.81
50343,0.63
52228,0.21
51406,0.39
51340,0.15
54242,0.09
51787,0.42
50481,0.33
51278,0.16
50736,0.19
50964,0.08
52105,0.27
53892,0.13
51657,0.63
52729,0.89
53721,0.32
53307,0.47
52122,0.24
50447,0.26
53420,0.77
52167,0.75
51277,0.09
53643,0.83
53975,0.19
51290,0.46
51315,0.24
53206,0.7
52586,0.3
54234,0.45
54124,0.3
51697,0.27
50856,0.11
52980,0.83
53489,0.15
53000,0.16
52997,0.09
50750,0.19
52301,0.02
53141,0.44
53573,0.05
51114,0.07
51648,0.1
52415,0.9
51000,0.07
50005,0.12
54249,0.48
51300,0.84
50365,0.03
53544,0.93
51069,0.59
53849,0.24
53158,0.08
52094,0.04
53502,0.08
50690,0.63
50564,0.18
50885,0.08
52544,0.36
52265,0.0
53086,0.38
50981,0.07
52368,0.12
51305,0.1
53695,0.6
53657,0.83
52423,0.5
54008,0.06
50576,0.05
51225,0.54
52017,0.11
50975,0.38
50162,0.11
50077,0.09
53500,0.37
52294,0.61
53698,0.36
53672,0.4
50081,0.65
52320,0.08
51263,0.07
51347,0.27
53098,0.23
54053,0.79
52790,0.3
52646,0.29
53699,0.41
52871,0.07
54085,0.52
53117,0.11
51053,0.03
51779,0.86
53031,0.44
52748,0.81
51524,0.37
51158,0.78
51418,0.08
50027,0.15
51085,0.27
50452,0.18
50255,0.92
51986,0.68
51244,0.07
52026,0.27
53752,0.49
53166,0.61
53345,0.41
53139,0.13
50214,0.3
52681,0.08
54057,0.24
50199,0.53
50246,0.95
53734,0.29
50857,0.28
50463,0.1
54041,0.31
54058,0.05
51569,0.16
51649,0.51
54209,0.09
54007,0.58
50836,0.41
52699,0.24
50164,0.16
50321,0.08
51067,0.57
50610,0.47
50514,0.56
52362,0.21
50251,0.61
51025,0.84
50623,0.05
51572,0.14
50632,0.29
52650,0.11
50988,0.15
53916,0.13
52652,0.71
51397,0.06
53659,0.23
51957,0.07
52899,0.08
51472,0.67
50263,0.18
50018,0.75
53948,0.33
53967,0.21
51250,0.11
50100,0.76
51865,0.15
51123,0.37
50376,0.42
50420,0.45
50611,0.05
51100,0.48
50138,0.08
50995,0.3
50584,0.21
52684,0.37
53806,0.12
54245,0.07
50950,0.15
50896,0.95
52628,0.28
51021,0.14
50883,0.35
53700,0.22
53914,0.14
50501,0.24
52317,0.36
50215,0.32
51750,0.1
52068,0.11
52064,0.16
54139,0.04
53953,0.03
50470,0.17
52188,0.96
50556,0.09
50768,0.28
50972,0.43
53045,0.36
51431,0.14
52235,0.07
53077,0.06
50329,0.22
51172,0.74
53154,0.25
54059,0.17
52974,0.15
51207,0.79
53282,0.12
50325,0.56
52820,0.54
52003,0.2
53281,0.42
53607,0.08
54108,0.48
51443,0.51
52708,0.79
50843,0.1
53855,0.73
53904,0.31
51653,0.26
50400,0.05
53319,0.08
50755,0.18
52125,0.16
52553,0.5
50346,0.21
50278,0.24
51466,0.46
53778,0.1
52640,0.91
50600,0.68
50560,0.35
51679,0.16
50270,0.87
51233,0.26
51968,0.84
52296,0.15
53037,0.56
52842,0.56
54052,0.09
50300,0.03
53753,0.62
51848,0.85
52048,0.03
53033,0.12
50920,0.05
53927,0.08
53930,0.05
51799,0.59
51253,0.13
50195,0.08
53454,0.19
53883,0.18
52350,0.05
51291,0.03
51591,0.77
53431,0.15
51946,0.19
52056,0.25
53779,0.43
51419,0.05
53413,0.72
53512,0.02
53663,0.15
50544,0.14
51577,0.14
53870,0.57
51387,0.01
50047,0.59
50748,0.13
54238,0.32
50737,0.09
52016,0.74
52619,0.19
50969,1.0
53567,0.45
50183,0.79
51681,0.42
51330,0.51
51935,0.13
51706,0.21
53293,0.27
50259,0.93
52117,0.26
52208,0.65
50518,0.61
53490,0.17
50043,0.31
54162,0.39
50568,0.83
52284,0.1
50570,0.03
51094,0.97
51381,0.11
53355,0.31
50261,0.59
52073,0.16
50655,0.07
50796,0.85
53116,0.14
51631,0.15
51720,0.51
50754,0.19
54116,0.03
54077,0.02
54171,0.54
51961,0.11
52329,0.14
50829,0.08
54064,0.13
52850,0.07
53412,0.03
52490,0.64
51464,0.19
53520,0.92
52029,0.8
54005,0.14
50279,0.93
51539,0.11
51200,0.51
53235,0.14
52474,0.3
52131,0.23
50776,0.06
52397,0.64
51800,0.31
51774,0.25
53568,0.55
53058,0.88
53854,0.93
51533,0.4
53178,0.33
51390,0.52
51753,0.27
51793,0.11
50170,0.32
54239,0.52
54032,0.29
53216,0.08
52878,0.2
50833,0.16
52770,0.22
53574,0.03
51676,0.14
51396,0.11
51508,0.08
50375,0.73
51987,0.07
50863,0.03
53487,0.2
53022,0.11
51943,0.73
53427,0.5
52592,0.35
53428,0.26
51956,0.22
51659,0.1
52964,0.86
53879,0.08
52933,0.27
52527,0.01
51541,0.78
51530,0.12
50533,0.15
52120,0.62
51116,0.59
53339,0.05
53934,0.61
53708,0.23
53169,0.14
52773,0.74
51267,0.19
52532,0.11
50575,0.31
50185,0.04
51164,0.35
51716,0.15
51341,0.28
51985,0.12
52183,0.1
51440,0.85
51796,0.23
51863,0.17
52277,0.09
50537,0.32
50865,0.36
53712,0.03
51048,0.6
52086,0.26
52688,0.68
51119,0.46
52182,0.17
53254,0.65
50344,0.23
50541,0.02
50186,0.01
51643,0.25
53839,0.26
52113,0.48
51425,0.94
53710,0.28
54138,0.19
53404,0.22
51754,0.63
51402,0.01
51658,0.81
53982,0.26
53844,0.53
51426,0.59
53163,0.2
53321,0.13
50001,0.59
50601,0.12
50046,0.19
51807,0.73
53251,0.89
53450,0.26
52902,0.16
52579,0.17
52363,0.07
53641,0.25
53739,0.33
53600,0.2
53179,0.87
52470,0.73
53563,0.08
51876,0.04
51630,0.35
52196,0.27
53350,0.33
53555,0.15
53276,0.58
54026,0.84
51088,0.32
51377,0.14
50434,0.37
53125,0.42
53703,0.53
50055,0.13
52614,0.19
50820,0.53
52341,0.56
52219,0.04
53886,0.07
50087,0.19
53971,0.51
51515,0.71
51687,0.21
50982,0.06
53447,0.83
52375,0.21
53072,0.31
51103,0.29
50700,0.2
51725,0.08
53831,0.06
52900,0.34
52599,0.17
52293,0.89
50622,0.11
52112,0.69
53299,0.15
51297,0.33
52837,0.22
53702,0.15
51978,0.11
50442,0.18
51281,0.08
51575,0.04
51039,0.75
51994,0.75
51031,0.23
52662,0.87
53807,0.73
52304,0.09
52110,0.16
51392,0.28
52090,0.66
52630,0.62
50137,0.11
51899,0.25
53619,0.61
51274,0.49
53271,0.56
54176,0.03
50404,0.1
50691,0.24
52178,0.84
51632,0.1
51232,0.14
53488,0.06
50053,0.68
50269,0.62
53584,0.12
51247,0.05
50659,0.55
53226,0.25
51480,0.19
53329,0.08
51223,0.24
51444,0.73
53147,0.41
51835,0.69
53348,0.22
52674,0.8
53853,0.27
51527,0.1
50997,0.04
53057,0.01
54022,0.22
52626,0.45
51696,0.33
52002,0.34
53578,0.2
53342,0.04
51190,0.58
50097,0.14
53270,0.15
53679,0.91
51802,0.39
54150,0.14
51201,0.77
52109,0.12
50039,0.02
50913,0.25
50336,0.55
50826,0.08
51851,0.16
53118,0.29
53177,0.13
51109,0.31
53069,0.04
52013,0.73
52761,0.1
52993,0.12
52887,0.02
50909,0.04
51616,0.17
53352,0.47
52941,0.3
50286,0.73
53780,0.55
53911,0.08
52624,0.35
52612,0.2
52011,0.61
50361,0.03
53466,0.36
50660,0.3
50320,0.52
52833,0.85
51204,0.97
51494,0.63
50852,0.48
50728,0.26
53336,0.53
51295,0.1
53255,0.15
51235,0.07
50940,0.2
51936,0.89
52524,0.23
52762,0.26
52232,0.47
52365,0.78
52099,0.11
53054,0.72
52500,0.6
53433,0.2
53881,0.13
53626,0.18
50770,0.37
51409,0.18
53933,0.41
52264,0.04
51065,0.47
53915,0.51
50801,0.51
50331,0.17
52295,0.32
52360,0.94
53772,0.13
50866,0.07
52486,0.11
51234,0.03
53066,0.11
52783,0.15
53652,0.17
52460,0.7
54020,0.34
54006,0.4
50695,0.16
50665,0.23
50319,0.1
53722,0.11
54191,0.23
51973,0.08
52179,0.13
50283,0.28
53501,0.05
53537,0.25
50220,0.68
53547,0.14
50735,0.11
50356,0.0
51602,0.02
52832,0.11
50716,0.67
50821,0.91
51195,0.13
52954,0.18
53723,0.36
52536,0.12
51601,0.13
51879,0.28
51159,0.77
51003,0.09
51294,0.09
53290,0.17
50721,0.1
54259,0.21
50484,0.23
54149,0.13
50172,0.64
51346,0.21
54017,0.25
51156,0.11
51091,0.08
52441,0.58
50427,0.34
51493,0.22
50222,0.03
50369,0.32
54118,0.25
52141,0.26
53408,0.21
53356,0.16
50123,0.42
51971,0.38
52506,0.33
52909,0.56
51563,0.87
51302,0.21
51008,0.42
50719,0.17
51705,0.21
51046,0.05
51548,0.74
51781,0.13
54082,0.21
50952,0.23
54113,0.29
51323,0.74
51498,0.65
50317,0.38
50767,0.14
50881,0.21
52220,0.12
52243,0.15
52947,0.36
51732,0.15
53492,0.47
52314,0.27
51043,0.16
50461,0.45
52564,0.08
53540,0.14
53597,0.15
52792,0.18
51182,0.12
51173,0.05
53225,0.2
53395,0.36
51829,0.32
53053,0.17
51212,0.12
52660,0.52
50872,0.34
52815,0.2
52784,0.71
53634,0.36
50669,0.1
52042,0.09
52246,0.16
52004,0.15
51184,0.8
53185,0.07
52587,0.4
53495,0.11
50870,0.09
54282,0.07
51120,0.24
53152,0.11
51144,0.05
51188,0.81
52606,0.46
54126,0.34
53810,0.03
51714,0.23
53472,0.78
50341,0.27
51245,0.42
51198,0.06
53171,0.14
50977,0.15
50751,0.5
50925,0.12
51776,0.65
51923,0.48
53220,0.04
51969,0.11
53596,0.28
52834,0.6
51938,0.1
52482,0.07
52973,0.66
50282,0.51
50091,0.18
54286,0.9
52883,0.02
50161,0.34
51859,0.31
53315,0.92
50607,0.86
51694,0.04
52772,0.11
54208,0.21
54255,0.6
51596,0.03
53036,0.77
53511,0.27
52678,0.22
53366,0.05
50105,0.1
52244,0.18
50762,0.74
50548,0.23
53782,0.11
53612,0.09
54129,0.05
53111,0.43
52012,0.02
53199,0.28
53745,0.93
50653,0.04
50980,0.29
53516,0.0
53186,0.18
51136,0.03
53922,0.33
52278,0.05
53744,0.25
53676,0.23
51343,0.03
53485,0.03
52854,0.97
50135,0.29
52950,0.26
53323,0.6
51691,0.61
53811,0.12
51167,0.1
50439,0.22
51266,0.25
52661,0.06
51101,0.71
50933,0.22
50090,0.33
53476,0.25
53446,0.29
51726,0.05
51765,0.16
52540,0.19
50033,0.46
50963,0.42
50431,0.23
50449,0.23
51671,0.14
50543,0.76
52465,0.34
52995,0.52
50650,0.16
52601,0.11
50687,0.15
50948,0.08
54243,0.15
54206,0.08
52251,0.92
51106,0.71
51081,0.22
51139,0.01
51892,0.2
52666,0.14
53694,0.54
53804,0.25
50592,0.02
51107,0.09
52704,0.11
52450,0.7
50838,0.16
54173,0.81
53286,0.1
50810,0.26
53256,0.25
52910,0.08
52929,0.19
52694,0.68
54091,0.74
51491,0.2
51226,0.05
52541,0.05
51161,0.4
52581,0.37
50454,0.28
53601,0.19
51112,0.38
52417,0.26
50661,0.7
50298,0.07
51024,0.18
52604,0.24
51930,0.44
52267,0.15
54158,0.09
50985,0.08
54183,0.05
53023,0.15
50552,0.39
51298,0.83
51213,0.15
51932,0.13
51389,0.1
50984,0.13
54013,0.2
50489,0.05
52823,0.07
52340,0.07
53441,0.3
54210,0.38
53430,0.09
52588,0.87
54225,0.8
50635,0.63
52282,0.36
50646,0.26
50464,0.27
53900,0.07
51366,0.76
52565,0.29
52163,0.23
50423,0.75
50457,0.13
53645,0.11
50383,0.29
53882,0.88
53668,0.14
51303,0.31
53951,0.77
54012,0.46
53677,0.05
50324,0.73
53078,0.39
54187,0.14
50523,0.09
51511,0.1
50509,0.39
52393,0.2
53508,0.19
50855,0.7
54287,0.34
52407,0.04
52092,0.3
53132,0.04
54110,0.63
53403,0.11
50778,0.29
54205,0.82
52801,0.11
51097,0.16
50011,0.3
50986,0.11
50024,0.05
54088,0.14
50676,0.86
51478,0.7
50111,0.28
53274,0.06
53514,0.22
53038,0.19
50773,0.13
50173,0.44
53784,0.15
52868,0.27
52401,0.94
52177,0.38
50242,0.01
52351,0.36
51401,0.41
53280,0.06
53200,0.32
51735,0.7
51939,0.16
52377,0.41
54240,0.24
50976,0.06
52617,0.12
52248,0.09
52305,0.46
50228,0.15
53517,0.54
50524,0.22
51542,0.17
51077,0.11
52860,0.08
51386,0.04
51206,0.92
52856,0.07
53838,0.18
53334,0.45
51113,0.32
52707,0.1
53802,0.15
52347,0.14
53576,0.08
53115,0.66
50093,0.62
54073,0.88
52739,0.14
51605,0.24
51808,0.12
50551,0.21
51995,0.1
53052,0.29
51304,0.29
50163,0.19
50557,0.74
52695,0.68
52797,0.05
53947,0.89
51040,0.43
52166,0.33
53325,0.59
50938,0.24
52557,0.16
54237,0.19
53398,0.91
53666,0.1
51334,0.68
53207,0.36
54170,0.42
51364,0.64
50309,0.21
52138,0.28
51311,0.02
50063,0.46
53509,0.17
53467,0.46
52364,0.28
54147,0.18
51151,0.09
53662,0.1
50349,0.23
51949,0.28
51821,0.45
53693,0.41
51737,0.5
50664,0.39
53182,0.15
53405,0.07
51254,0.46
52535,0.09
51371,0.32
53365,0.29
50038,0.19
53491,0.21
52132,0.31
53536,0.58
53956,0.6
54260,0.34
51815,0.21
52070,0.06
50210,0.3
52647,0.61
50511,0.82
54192,0.44
52794,0.43
52649,0.02
51778,0.4
52939,0.08
53836,0.64
53381,0.14
50683,0.13
53392,0.38
51980,0.89
52033,0.05
53551,0.02
53687,0.53
50674,0.38
50835,0.1
53283,0.47
50388,0.11
50465,0.14
50618,0.24
50812,0.08
53593,0.51
50722,0.25
51187,0.12
51510,0.39
52436,0.3
53826,0.16
52039,0.24
51393,0.13
52690,0.12
52160,0.14
50176,0.35
52848,0.38
50540,0.67
51844,0.03
53009,0.28
51519,0.12
52805,0.33
53415,0.87
54269,0.17
53674,0.31
51897,0.2
54043,0.71
52237,0.2
52326,0.17
53906,0.4
51719,0.57
51329,0.24
52446,0.26
51675,0.09
53591,0.15
52934,0.9
52521,0.03
52459,0.06
51862,0.3
51162,0.51
52515,0.24
51566,0.68
50460,0.56
52227,0.18
53462,0.83
51682,0.14
50416,0.45
51670,0.1
51301,0.35
52719,0.16
52274,0.16
52742,0.11
52897,0.57
53954,0.23
53112,0.17
53505,0.29
50042,0.24
53912,0.7
53539,0.29
51385,0.12
53361,0.45
53155,0.18
51833,0.27
51861,0.27
51211,0.36
50949,0.28
53743,0.22
50267,0.18
52280,0.08
50113,0.13
52838,0.05
54273,0.58
51872,0.16
50864,0.21
51766,0.55
50334,0.79
50807,0.28
52949,0.38
52613,0.83
54100,0.4
54071,0.15
52814,0.57
52633,0.06
50428,0.28
52245,0.09
52418,0.17
54199,0.88
50513,0.17
51626,0.2
50605,0.46
52193,0.22
52075,0.37
51903,0.08
53237,0.21
52186,0.1
52668,0.22
50841,0.13
51412,0.04
51811,0.22
51573,0.17
52653,0.69
53759,0.33
53262,0.11
50606,0.13
53609,0.25
52373,0.03
53222,0.13
53340,0.24
51692,0.29
52382,0.18
53181,0.13
53725,0.42
51010,0.08
52968,0.16
51138,0.32
52150,0.04
51317,0.21
53819,0.32
51104,0.69
50673,0.19
50002,0.19
51391,0.53
50297,0.09
52774,0.33
52063,0.2
50974,0.05
52309,0.05
53304,0.09
50515,0.58
52115,0.69
53880,0.36
52961,0.61
52488,0.49
53389,0.4
52563,0.79
54285,0.38
50144,0.01
51215,0.03
50250,0.17
51446,0.2
53349,0.23
51042,0.27
53390,0.05
50996,0.1
52928,0.2
50247,0.04
51964,0.57
51974,0.79
51795,0.14
50923,0.9
54104,0.01
52140,0.07
51017,0.98
50707,0.75
53230,0.23
54106,0.31
53192,0.53
52622,0.89
51149,0.4
52038,0.1
54105,0.31
50073,0.32
52149,0.33
52491,0.61
51239,0.41
50832,0.21
50092,0.09
54136,0.08
51905,0.4
50384,0.31
52040,0.12
50786,0.65
52216,0.23
53620,0.16
51380,0.49
51349,0.35
50898,0.83
51623,0.68
50764,0.1
50453,0.08
52315,0.84
50127,0.22
51695,0.04
54048,0.62
53176,0.02
50959,0.57
51672,0.17
51909,0.85
53572,0.62
52999,0.16
50713,0.26
53978,0.15
51747,0.78
52872,0.99
52556,0.42
52135,0.18
50860,0.12
53453,0.23
52395,0.08
54235,0.9
53253,0.14
52394,0.45
53848,0.48
52379,0.13
53236,0.42
50308,0.15
53285,0.26
50917,0.21
50482,0.49
53825,0.19
53015,0.69
51084,0.12
51286,0.06
52422,0.09
50088,0.18
53435,0.17
51220,0.09
52508,0.79
54140,0.23
51988,0.58
53219,0.64
50239,0.6
50554,0.37
52908,0.74
50597,0.48
53375,0.3
53452,0.3
51328,0.43
53232,0.29
51332,0.88
50642,0.19
52453,0.21
51072,0.19
51958,0.14
51205,0.28
52542,0.26
51618,0.81
53746,0.53
54182,0.12
50477,0.09
52069,0.24
51460,0.21
50044,0.81
53021,0.48
50191,0.83
53198,0.68
51485,0.06
51869,0.11
51857,0.22
53332,0.24
52380,0.5
54178,0.55
53245,0.05
53444,0.92
53664,0.44
51853,0.19
53615,0.29
52787,0.28
53658,0.15
50993,0.13
50989,0.3
51507,0.07
52118,0.24
53791,0.12
53379,0.22
53683,0.27
52434,0.94
52060,0.24
50918,0.09
51585,0.27
54288,0.08
52335,0.25
50435,0.84
51662,0.11
53599,0.35
52673,0.01
53445,0.06
52495,0.08
52533,0.04
50096,0.3
52290,0.24
52164,0.29
53142,0.46
50160,0.14
51617,0.87
52537,0.08
52381,0.54
53062,0.19
50022,0.27
51462,0.24
54060,0.62
54253,0.36
52145,0.31
52520,0.61
50248,0.42
52620,0.47
52547,0.14
52236,0.16
53809,0.32
53322,0.63
52121,0.3
50132,0.15
51991,0.32
53193,0.05
51150,0.19
50271,0.23
51194,0.07
51823,0.4
50249,0.09
52146,0.71
51996,0.06
52727,0.57
52144,0.53
51537,0.23
51129,0.67
54289,0.32
50710,0.64
52970,0.61
53748,0.3
50834,0.07
52342,0.35
51638,0.12
53190,0.41
53209,0.68
53931,0.32
50608,0.19
53143,0.08
54163,0.1
50379,0.07
51433,0.11
52505,0.29
50504,0.1
52530,0.29
51310,0.47
51026,0.34
53673,0.09
50941,0.17
52155,0.74
52035,0.46
50293,0.96
51022,0.07
53496,0.27
50265,0.21
51816,0.14
50953,0.27
53852,0.11
52385,0.15
52991,0.18
54025,0.49
51790,0.31
50678,0.1
53614,0.41
53471,0.02
50274,0.4
52466,0.24
52104,0.09
51470,0.04
54152,0.22
50886,0.12
50232,0.05
50613,0.15
51256,0.12
52597,0.71
50873,0.74
53816,0.83
53148,0.17
53194,0.16
54014,0.71
51845,0.0
51867,0.01
52976,0.2
50880,0.07
52084,0.14
53252,0.14
51609,0.1
50647,0.85
54264,0.54
51822,0.27
53240,0.14
53312,0.08
52636,0.45
50036,0.1
52323,0.71
51762,0.15
52827,0.29
52920,0.24
52578,0.21
50201,0.07
53292,0.27
50030,0.2
51590,0.61
51560,0.08
50822,0.31
50937,0.91
50903,0.24
51459,0.86
51475,0.55
52087,0.71
51612,0.18
53371,0.28
51564,0.08
53965,0.1
52187,0.7
51599,0.78
52736,0.08
51839,0.61
53330,0.52
51388,0.23
53041,0.5
51240,0.2
52023,0.6
51850,0.53
52198,0.79
53715,0.19
53376,0.59
51324,0.64
53050,0.54
52948,0.08
53011,0.13
53027,0.06
52798,0.03
52600,0.78
50627,0.66
50530,0.19
53869,0.35
52985,0.17
50373,0.3
50844,0.72
52030,0.57
54203,0.04
50226,0.03
50193,0.71
53302,0.67
51011,0.14
53497,0.2
51834,0.09
51517,0.76
51248,0.38
53980,0.85
54175,0.36
51690,0.23
53364,0.28
51028,0.5
51237,0.02
52567,0.16
52817,0.09
54021,0.06
53083,0.12
51549,0.18
50914,0.28
52758,0.73
50184,0.47
50727,0.8
53217,0.86
51108,0.06
51001,0.0
53238,0.22
53685,0.13
50229,0.13
50166,0.29
50689,0.12
51271,0.1
51976,0.1
51780,0.94
53961,0.16
51110,0.28
51782,0.17
52403,0.2
51838,0.19
53110,0.04
52835,0.12
52963,0.28
51383,0.11
52433,0.09
53275,0.17
51545,0.19
52517,0.34
54224,0.08
51361,0.2
51562,0.13
51581,0.24
50188,0.1
50403,0.67
53800,0.12
52725,0.88
51160,0.03
51503,0.23
52562,0.53
51746,0.73
52497,0.52
50152,0.65
50815,0.17
52171,0.08
52081,0.06
50892,0.16
53757,0.58
51093,0.3
52384,0.37
52809,0.06
53055,0.54
50734,0.13
52657,0.26
52737,0.47
50926,0.31
51948,0.65
50842,0.08
50366,0.05
51532,0.1
52717,0.27
52269,0.65
50070,0.2
53616,0.18
53094,0.32
52025,0.47
51032,0.31
54161,0.58
53046,0.88
51882,0.1
50819,0.14
52321,0.53
50208,0.46
52484,0.47
50396,0.29
51902,0.09
50720,0.59
51512,0.52
51711,0.13
54112,0.05
52611,0.23
51374,0.06
51090,0.9
53012,0.08
50706,0.1
53423,0.46
54011,0.34
53874,0.03
53218,0.13
51534,0.66
51610,0.66
52819,0.19
52915,0.2
52442,0.15
50058,0.18
50287,0.22
50825,0.27
50221,0.08
52008,0.47
53650,0.07
52489,0.37
53372,0.84
52143,0.31
51715,0.05
52750,0.04
51885,0.04
53024,0.23
53189,0.55
53960,0.15
54213,0.28
52041,0.34
50355,0.77
54284,0.04
51228,0.3
51656,0.01
53968,0.31
53632,0.17
52703,0.62
51622,0.11
52677,0.29
51739,0.4
51134,0.26
52448,0.48
52273,0.28
52990,0.23
52502,0.25
50612,0.17
51587,0.26
53035,0.08
53073,0.35
51557,0.16
54065,0.97
53840,0.24
50490,0.12
51382,0.49
50667,0.35
52551,0.23
50066,0.38
51509,0.39
53459,0.11
50391,0.51
53469,0.18
51727,0.55
51363,0.21
53434,0.7
51852,0.1
50295,0.16
51535,0.16
53583,0.13
52958,0.14
51639,0.07
51500,0.48
53122,0.91
54083,0.08
50168,0.16
50616,0.23
53623,0.91
54165,0.32
50304,0.6
53768,0.4
53765,0.27
51944,0.19
50029,0.09
53483,0.52
53113,0.47
53004,0.19
51688,0.16
52831,0.08
54037,0.22
53426,0.04
50542,0.22
50203,0.0
53338,0.28
50671,0.54
52926,0.13
53025,0.86
52777,0.26
51757,0.18
52734,0.16
51689,0.02
51238,0.42
52585,0.2
50725,0.5
51333,0.1
50731,0.56
53589,0.15
50082,0.22
53475,0.14
51495,0.28
50472,0.8
53821,0.18
54207,0.12
53448,0.06
53756,0.16
52249,0.01
50364,0.9
53737,0.13
52255,0.01
52279,0.3
52759,0.11
53165,0.82
52548,0.39
50967,0.26
53114,0.23
53553,0.38
51423,0.73
54114,0.36
53924,0.88
51734,0.09
52549,0.34
53213,0.3
51536,0.09
51561,0.15
52972,0.9
54275,0.55
50500,0.14
53565,0.34
52741,0.04
53613,0.05
53701,0.1
53984,0.13
52372,0.27
50871,0.21
52676,0.84
53136,0.05
53790,0.11
50013,0.33
53979,0.25
52014,0.82
52733,0.29
53873,0.15
51521,0.91
51721,0.55
50025,0.14
52327,0.04
51342,0.22
52861,0.15
50936,0.15
53606,0.59
50928,0.22
53123,0.16
50998,0.94
51683,0.53
50190,0.17
50451,0.12
53832,0.42
53936,0.27
51558,0.12
52108,0.63
54251,0.08
50076,0.06
54280,0.07
51669,0.12
51030,0.04
50797,0.43
51724,0.49
54067,0.43
51586,0.4
52242,0.07
52175,0.15
51665,0.17
52253,0.39
52454,0.66
50897,0.45
51132,0.31
50774,0.28
51436,0.35
53360,0.46
50296,0.2
52032,0.62
53554,0.82
53859,0.33
50041,0.52
53986,0.27
54230,0.27
50631,0.2
50340,0.11
50146,0.34
52458,0.28
52316,0.43
52824,0.15
52148,0.4
53140,0.2
54031,0.08
54066,0.35
50206,0.06
51229,0.33
50899,0.48
51370,0.34
51152,0.09
51395,0.19
51487,0.57
53387,0.95
50911,0.43
53884,0.17
51131,0.93
54081,0.09
53133,0.0
52260,0.03
51611,0.06
52608,0.4
51827,0.32
50378,0.05
50272,0.69
51667,0.25
51319,0.48
52325,0.16
53242,0.43
54262,0.15
52702,0.17
54265,0.24
51096,0.12
50785,0.08
52663,0.65
52240,0.11
53424,0.26
51820,0.11
51309,0.49
53227,0.5
53039,0.83
50539,0.68
52199,0.28
52763,0.39
50494,0.14
51828,0.46
54080,0.44
53388,0.06
50433,0.21
51941,0.1
50294,0.16
50398,0.17
51934,0.14
52165,0.1
52127,0.23
53316,0.69
50157,0.06
50645,0.17
51210,0.64
54135,0.11
51731,0.23
54241,0.51
50924,0.13
52170,0.1
52053,0.02
51920,0.45
52726,0.09
50877,0.16
50741,0.01
51006,0.13
53974,0.85
50397,0.24
51068,0.34
52330,0.3
53665,0.18
50363,0.43
53298,0.18
51354,0.09
54028,0.82
53801,0.07
51320,0.29
54015,0.07
51578,0.19
50965,0.1
53713,0.53
51078,0.79
50254,0.41
53686,0.64
50550,0.07
50532,0.0
50333,0.08
52271,0.22
53044,0.82
51352,0.42
51264,0.46
53327,0.23
50922,0.06
53760,0.88
50402,0.16
51805,0.09
54016,0.05
53943,0.9
54221,0.32
53455,0.13
50407,0.76
51296,0.62
53841,0.18
51259,0.09
51102,0.56
51907,0.73
51016,0.25
51733,0.91
50615,0.19
52813,0.5
53134,0.2
51117,0.37
50535,0.01
52956,0.88
50859,0.41
51344,0.12
53876,0.12
54095,0.12
52786,0.16
53610,0.63
51592,0.55
54076,0.17
51171,0.24
51368,0.22
53595,0.36
51163,0.02
51066,0.13
50141,0.06
50596,0.18
52388,0.27
52479,0.63
52313,0.26
51497,0.15
53594,0.4
50531,0.78
50401,0.5
51308,0.4
52691,0.1
51847,0.08
50636,0.19
51858,0.11
53071,0.27
51410,0.14
51400,0.12
52083,0.21
54097,0.02
50124,0.61
51362,0.07
53526,0.4
51313,0.11
52503,0.98
51241,0.9
53370,0.2
50006,0.07
53993,0.87
50056,0.17
52061,0.19
52558,0.22
51635,0.13
52658,0.37
53794,0.33
52665,0.83
50589,0.01
52812,0.11
50966,0.04
51185,0.21
51127,0.1
53504,0.09
51284,0.67
53049,0.08
50358,0.33
52594,0.85
54266,0.03
50672,0.21
50679,0.96
54219,0.18
52319,0.03
52184,0.48
50292,0.21
50085,0.33
53310,0.18
50958,0.07
50943,0.32
50130,0.29
50290,0.88
50155,0.04
51523,0.1
53557,0.08
50217,0.24
53187,0.23
52751,0.67
53767,0.65
50405,0.35
50260,0.22
54263,0.52
53443,0.55
53437,0.08
52223,0.29
51154,0.38
51118,0.33
50512,0.08
53202,0.26
50577,0.1
50476,0.07
51538,0.21
51710,0.09
50499,0.83
51174,0.43
50498,0.05
51275,0.11
50086,0.38
53353,0.06
51283,0.69
53560,0.43
51221,0.73
52396,0.14
52392,0.16
51454,0.13
51743,0.15
51785,0.4
51175,0.14
50179,0.58
53451,0.48
50466,0.15
53239,0.8
53063,0.23
51546,0.1
52953,0.93
51218,0.8
51502,0.75
51408,0.23
50262,0.38
50526,0.6
50847,0.44
51015,0.48
50316,0.33
54198,0.85
51035,0.24
50566,0.12
51891,0.63
50604,0.25
50620,0.2
50291,0.35
51797,0.75
52057,0.29
53651,0.1
50795,0.15
52096,0.14
54070,0.2
53309,0.64
50411,0.13
50288,0.73
53562,0.18
54069,0.8
52426,0.19
52229,0.05
50800,0.04
52518,0.18
53416,0.16
52656,0.05
54167,0.51
52605,0.16
51345,0.09
51712,0.14
50502,0.29
52525,0.67
51231,0.13
51451,0.18
51910,0.87
54049,0.17
52408,0.27
50621,0.0
50034,0.21
52353,0.07
53129,0.56
53101,0.51
52529,0.19
51373,0.04
53344,0.88
51086,0.05
52456,0.29
54096,0.21
51701,0.21
53103,0.35
50578,0.97
53867,0.77
52181,0.36
52268,0.87
51080,0.03
52989,0.15
50207,0.68
50696,0.22
51526,0.16
51420,0.28
53079,0.36
50814,0.17
52136,0.14
50450,0.03
51501,0.24
50473,0.55
51840,0.21
50702,0.94
53909,0.43
51864,0.23
52349,0.06
52100,0.07
53929,0.07
50505,0.1
51060,0.28
51673,0.72
50794,0.14
52560,0.78
52767,0.34
53814,0.12
52799,0.11
51775,0.03
51279,0.23
53091,0.38
54223,0.21
51954,0.75
50382,0.74
54174,0.28
52655,0.82
54055,0.07
50947,0.34
54074,0.22
50874,0.1
53675,0.87
51982,0.27
50619,0.77
53070,0.85
53973,0.51
50784,0.03
51929,0.22
52021,0.78
52226,0.35
52015,0.25
52877,0.21
53950,0.12
51791,0.39
53203,0.13
52308,0.83
53777,0.14
53481,0.5
50313,0.31
51422,0.04
53919,0.65
53705,0.88
52348,0.26
50345,0.23
54042,0.62
50792,0.31
53829,0.03
53617,0.14
51921,0.3
51203,0.78
50571,0.24
54181,0.64
53417,0.82
51074,0.18
50654,0.07
51434,0.56
52645,0.11
50169,0.59
50869,0.32
51141,0.05
50352,0.78
52445,0.55
53191,0.12
53486,0.46
50156,0.26
51559,0.45
50599,0.76
53099,0.78
53815,0.33
51684,0.04
51977,0.08
53065,0.38
51589,0.18
50569,0.06
52959,0.47
50020,0.15
50876,0.22
52192,0.28
53972,0.05
53396,0.49
53056,0.64
52720,0.7
52806,0.05
54024,0.19
53528,0.05
51880,0.53
51142,0.08
52550,0.21
53913,0.04
53808,0.97
53847,0.12
51280,0.02
53707,0.13
51965,0.47
51748,0.1
52866,0.03
50811,0.11
51819,0.03
52337,0.44
53149,0.23
50430,0.35
53654,0.05
50848,0.38
51145,0.45
52821,0.12
52044,0.24
52169,0.58
53633,0.17
52811,0.07
54029,0.06
53793,0.36
52882,0.29
52898,0.49
52098,0.55
50158,0.06
50561,0.61
50890,0.09
50932,0.04
54033,0.05
51070,0.16
53105,0.12
50724,0.29
50573,0.57
51316,0.06
52359,0.24
52344,0.04
53303,0.48
52399,0.03
54089,0.33
54270,0.63
50348,0.92
53374,0.17
51414,0.11
50067,0.13
54164,0.09
52716,0.11
52161,0.25
53263,0.11
50031,0.06
51050,0.24
52879,0.24
53090,0.08
53261,0.76
50567,0.35
54075,0.06
52052,0.36
50908,0.86
53051,0.13
50609,0.8
51257,0.26
53164,0.98
51924,0.25
53592,0.08
50536,0.33
52618,0.12
52404,0.45
54177,0.15
50780,0.12
53622,0.06
54222,0.33
51642,0.17
51407,0.08
50107,0.39
52846,0.3
50116,0.12
51937,0.31
52101,0.13
51756,0.1
54115,0.1
50547,0.18
51276,0.29
53671,0.34
53499,0.04
53089,0.36
50595,0.63
50758,0.03
51674,0.38
52504,0.19
53642,0.5
53513,0.12
52071,0.44
51718,0.17
52818,0.28
52836,0.96
52689,0.18
53522,0.06
53586,0.47
54046,0.12
50106,0.16
52022,0.23
53921,0.3
53295,0.93
51064,0.38
52721,0.31
51708,0.91
50339,0.96
52046,0.12
50999,0.76
53026,0.43
53244,0.07
53457,0.8
54236,0.28
52427,0.46
51927,0.91
51979,0.23
54258,0.14
51165,0.9
52800,0.96
52609,0.63
52925,0.23
53908,0.23
51092,0.46
51678,0.05
51217,0.02
54169,0.04
51922,0.27
50854,0.09
50236,0.17
50368,0.04
52843,0.08
50633,0.51
53531,0.55
50104,0.22
50970,0.97
50756,0.66
51476,0.29
53561,0.52
54019,0.45
50906,0.53
51760,0.74
50907,0.22
50057,0.08
53763,0.43
50488,0.8
52303,0.15
51147,0.21
50882,0.03
52757,0.24
54257,0.11
50701,0.5
52173,0.55
51492,0.6
53992,0.02
51911,0.38
53020,0.19
51608,0.38
50194,0.14
50893,0.19
53343,0.03
52211,0.16
53399,0.19
50225,0.47
52905,0.41
50802,0.11
51651,0.2
51810,0.04
50061,0.04
53893,0.7
51447,0.01
52430,0.65
54102,0.09
51193,0.29
54090,0.95
53331,0.63
54027,0.04
51335,0.24
50492,0.27
53507,0.21
52066,0.12
51449,0.25
51126,0.49
50712,0.32
53585,0.23
51951,0.88
53824,0.05
51702,0.72
53249,0.27
51607,0.24
51348,0.09
52568,0.09
51367,0.87
50709,0.12
52874,0.48
53313,0.63
51041,0.15
51322,0.14
52575,0.42
50480,0.09
53846,0.04
52114,0.12
52074,0.01
53422,0.06
53119,0.26
51489,0.61
52744,0.24
50456,0.12
53742,0.68
51018,0.5
50861,0.71
52067,0.18
52254,0.28
50759,0.08
51236,0.22
53010,0.05
52119,0.33
52310,0.64
50798,0.44
53121,0.57
50685,0.07
52416,0.85
51339,0.15
51488,0.46
52522,0.11
52080,0.17
52357,0.1
51914,0.21
53279,0.11
52610,0.15
50145,0.05
53419,0.34
53137,0.31
52718,0.08
51416,0.29
52275,0.01
50120,0.23
51713,0.09
52876,0.14
53789,0.2
53872,0.21
50538,0.43
50516,0.71
51033,0.17
52904,0.3
50942,0.16
54267,0.26
52507,0.03
52250,0.4
52723,0.33
51312,0.32
53719,0.05
50095,0.15
51680,0.26
51405,0.3
50867,0.85
52944,0.45
52358,0.43
52943,0.07
53785,0.22
52828,0.19
51009,0.49
53215,0.35
51063,0.7
50730,0.22
53866,0.14
50289,0.57
51146,0.43
50528,0.24
52291,0.52
50593,0.42
53305,0.05
50410,0.9
51468,0.35
53996,0.0
53383,0.06
53902,0.08
53008,0.27
50971,0.04
52410,0.17
50625,0.6
50446,0.97
50307,0.06
50351,0.47
50704,0.16
51912,0.67
52607,0.27
51411,0.12
51465,0.16
53728,0.15
50585,0.68
52711,0.26
50752,0.06
51338,0.1
50711,0.32
50831,0.02
52680,0.28
50148,0.47
53898,0.06
53762,0.3
51654,0.02
51628,0.13
53028,0.47
53346,0.67
50360,0.08
52429,0.78
52498,0.16
52487,0.7
50143,0.2
50546,0.52
52971,0.24
51170,0.17
53730,0.39
52239,0.17
52225,0.37
50591,0.22
52869,0.02
50154,0.16
52746,0.1
51306,0.84
50371,0.14
53534,0.05
52966,0.17
51023,0.66
54227,0.26
51883,0.25
52176,0.07
50739,0.17
52830,0.52
51960,0.1
52764,0.5
52147,0.48
52402,0.09
51355,0.01
51704,0.71
53159,0.12
52134,0.06
51417,0.2
52519,0.91
53326,0.65
53751,0.06
52111,0.24
52967,0.19
52710,0.16
52776,0.14
52892,0.08
51128,0.14
51435,0.45
52779,0.63
53510,0.23
51593,0.16
51947,0.11
53131,0.39
52467,0.33
54204,0.75
51469,0.03
53170,0.14
53538,0.45
50563,0.42
50109,0.12
53604,0.07
53605,0.16
51567,0.83
52749,0.2
52509,0.21
52036,0.3
51580,0.05
51940,0.35
50202,0.15
54087,0.43
50424,0.03
53755,0.1
50192,0.73
51197,0.08
54166,0.49
50519,0.11
54068,0.13
53733,0.03
51846,0.1
53265,0.27
52432,0.04
50558,0.14
50708,0.09
53860,0.64
50037,0.18
50425,0.13
52483,0.12
52213,0.63
51196,0.09
52643,0.2
52289,0.16
50108,0.07
50497,0.16
53837,0.77
53247,0.34
52210,0.34
53962,0.63
51812,0.63
51603,0.06
52775,0.15
51049,0.27
51981,0.16
52740,0.39
54252,0.11
51604,0.17
50245,0.12
50733,0.09
50763,0.83
50280,0.05
54131,0.24
50253,0.85
50549,0.11
53082,0.0
53969,0.31
51461,0.17
53983,0.83
51758,0.15
53720,0.42
51641,0.89
53769,0.29
50393,0.18
53862,0.22
50386,0.76
50771,0.13
50828,0.07
50181,0.01
53074,0.25
54250,0.28
53845,0.68
53684,0.66
51439,0.14
50419,0.01
53603,0.79
51770,0.42
52632,0.31
51002,0.25
53183,0.44
51916,0.06
51318,0.19
51547,0.15
50572,0.09
53248,0.85
51786,0.13
50740,0.62
50277,0.21
53097,0.97
52598,0.31
51686,0.37
51531,0.63
54002,0.08
52339,0.43
53503,0.15
54154,0.48
51888,0.11
50377,0.74
51183,0.3
54000,0.26
50666,0.91
51576,0.2
52629,0.19
51884,0.61
51621,0.07
50658,0.09
51890,0.3
50079,0.13
53407,0.08
53257,0.09
53888,0.3
53421,0.2
52346,0.29
50915,0.88
51967,0.1
53803,0.14
51398,0.97
52270,0.46
51901,0.21
53959,0.22
52940,0.45
53813,0.33
51168,0.71
52543,0.51
51179,0.55
51993,0.64
51745,0.31
54063,0.8
54277,0.66
52705,0.17
51552,0.43
53266,0.38
52343,0.26
50322,0.54
50783,0.36
51953,0.14
50743,0.26
50327,0.02
50766,0.67
53963,0.24
50045,0.17
53570,0.29
53987,0.29
52292,0.07
54047,0.64
53999,0.3
50788,0.03
52203,0.32
53146,0.69
51429,0.63
51990,0.33
52911,0.74
51243,0.07
54226,0.32
50121,0.5
52932,0.2
52659,0.28
54278,0.21
50723,0.05
51898,0.05
52921,0.21
51288,0.52
51251,0.89
52875,0.3
51871,0.16
52870,0.0
50851,0.13
51640,0.33
53877,0.25
52946,0.18
53556,0.05
51321,0.09
53410,0.71
52692,0.19
50772,0.43
50626,0.52
51896,0.4
50699,0.17
53201,0.12
51430,0.56
51514,0.0
54010,0.17
50016,0.36
51155,0.36
50894,0.07
53172,0.1
50147,0.48
53895,0.86
53887,0.77
50422,0.53
53267,0.28
54099,0.93
53397,0.81
51925,0.32
51133,0.27
50315,0.03
54134,0.75
50437,0.17
53162,0.08
52413,0.08
52424,0.07
52332,0.1
50142,0.13
50663,0.14
52969,0.05
52420,0.78
50110,0.08
52981,0.26
53990,0.71
50705,0.57
51583,0.35
52107,0.4
54212,0.19
50714,0.11
52912,0.07
51230,0.12
52616,0.04
54051,0.22
50426,0.15
53575,0.33
54123,0.21
52935,0.04
51473,0.17
53998,0.57
51399,0.06
51079,0.04
52172,0.09
53160,0.19
50224,0.84
52088,0.41
52851,0.06
51499,0.57
52129,0.7
52960,0.21
51970,0.05
53368,0.67
52043,0.1
50212,0.76
50071,0.24
51177,0.06
51044,0.34
50850,0.23
51707,0.17
54172,0.05
50744,0.29
53442,0.31
52457,0.07
53145,0.81
52531,0.77
53157,0.15
53463,0.08
53823,0.21
53729,0.02
52888,0.68
52218,0.24
53564,0.25
52231,0.72
53542,0.11
50126,0.89
51326,0.08
52841,0.04
50312,0.15
53647,0.54
53128,0.88
50102,0.22
54107,0.1
53418,0.14
50790,0.06
52713,0.07
54030,0.04
53629,0.35
50429,0.45
51661,0.47
51455,0.08
51404,0.85
52124,0.27
52257,0.19
51556,0.22
52283,0.26
53580,0.43
53359,0.14
52493,0.33
52730,0.56
51178,0.28
53047,0.04
52224,0.3
51620,0.28
51693,0.44
52007,0.06
52259,0.04
50614,0.25
53527,0.2
52722,0.05
53994,0.1
52499,0.17
53308,0.14
53774,0.11
53241,0.11
52889,0.33
52829,0.68
52577,0.74
52580,0.0
54003,0.67
54035,0.26
52485,0.43
50562,0.26
52706,0.07
50954,0.5
52451,0.37
50103,0.64
51052,0.71
52444,0.11
52803,0.17
51645,0.2
50888,0.13
53059,0.1
52639,0.12
53611,0.15
50775,0.13
50817,0.45
53781,0.53
50629,0.23
50634,0.22
50049,0.06
53997,0.39
51906,0.92
52862,0.15
50469,0.35
50891,0.14
54268,0.4
52807,0.41
50652,0.05
51202,0.75
52018,0.51
53818,0.23
53907,0.2
52596,0.14
50072,0.43
50590,0.15
50187,0.03
52153,0.23
50742,0.23
51913,0.01
52855,0.14
54146,0.21
50793,0.13
54254,0.75
50910,0.42
50054,0.24
52595,0.16
50467,0.26
54215,0.71
53289,0.24
54168,0.04
53690,0.56
52955,0.03
51299,0.64
52409,0.51
53268,0.34
50765,0.11
50040,0.09
51059,0.19
51105,0.07
52881,0.12
51874,0.1
50602,0.04
50789,0.13
51292,0.2
53942,0.15
53896,0.04
52986,0.03
50328,0.23
53941,0.24
52047,0.2
53068,0.77
50487,0.14
50900,0.22
50101,0.38
52028,0.01
52994,0.21
53030,0.14
51729,0.52
52501,0.38
52062,0.12
53042,0.36
51057,0.26
53590,0.1
51554,0.47
52728,0.49
50718,0.14
52571,0.28
53856,0.42
51403,0.24
51570,0.13
53425,0.12
52306,0.76
53120,0.16
51143,0.14
52191,0.5
52957,0.9
52810,0.23
50318,0.09
52561,0.44
50302,0.06
52000,0.11
50075,0.12
53697,0.26
52103,0.12
53197,0.0
50968,0.04
54120,0.32
53484,0.22
50875,0.22
53602,0.24
52311,0.86
53559,0.41
50824,0.66
53682,0.08
52847,0.22
53414,0.08
50023,0.13
50656,0.33
52675,0.21
52919,0.15
50374,0.2
52281,0.18
52322,0.21
51327,0.12
52024,0.26
53272,0.59
53529,0.1
53661,0.02
53631,0.09
54098,0.12
50858,0.3
53917,0.08
51111,0.23
53955,0.2
53124,0.62
52405,0.05
50745,0.1
52354,0.54
50483,0.08
54092,0.28
53530,0.07
53548,0.12
52747,0.33
52895,0.29
52159,0.09
53925,0.18
50198,0.11
54103,0.63
50559,0.4
53940,0.09
53291,0.22
51073,0.21
51061,0.36
53546,0.29
51783,0.22
52438,0.06
54122,0.28
53692,0.23
53640,0.14
52857,0.02
52693,0.1
53347,0.57
53827,0.69
54062,0.05
51624,0.53
50337,0.75
52816,0.47
51415,0.14
50904,0.2
53002,0.91
53231,0.3
51432,0.56
52055,0.28
50084,0.26
51365,0.2
50131,0.88
51331,0.18
52951,0.07
51792,0.22
51873,0.17
52142,0.17
52389,0.28
52936,0.37
51014,0.33
52987,0.31
50816,0.17
51983,0.15
52977,0.1
51644,0.03
51877,0.09
51928,0.15
53582,0.2
50204,0.85
51438,0.08
50486,0.46
52126,0.08
50089,0.16
52045,0.44
50004,0.54
50062,0.67
50587,0.11
50813,0.33
50219,0.78
50149,0.11
51176,0.79
50837,0.4
52355,0.13
53636,0.21
51337,0.09
51227,0.38
52918,0.26
50301,0.6
51540,0.15
53367,0.11
51071,0.18
52555,0.03
51153,0.19
52845,0.02
52523,0.21
53833,0.21
50323,0.24
51453,0.13
53229,0.42
54218,0.22
51095,0.84
53003,0.0
50692,0.23
51424,0.07
53696,0.13
52049,0.0
53333,0.81
51837,0.08
53525,0.05
51738,0.37
53040,0.11
50303,0.15
50582,0.2
52745,0.29
51625,0.29
50639,0.67
54272,0.62
50134,0.14
53473,0.06
53493,0.23
52781,0.32
50951,0.09
50015,0.14
50916,0.13
52696,0.79
53706,0.17
50213,0.76
52952,0.19
51140,0.0
53233,0.82
52258,0.69
52034,0.13
50387,0.56
52865,0.17
51186,0.24
53970,0.48
52822,0.09
52864,0.18
51818,0.21
50421,0.26
50987,0.39
53865,0.12
51087,0.13
53411,0.24
51360,0.31
51467,0.14
53006,0.21
52715,0.27
50919,0.68
51058,0.19
53168,0.43
51741,0.13
54179,0.07
51356,0.26
52709,0.28
52156,0.65
53084,0.2
51931,0.18
52634,0.27
53644,0.07
52263,0.3
51814,0.43
51660,0.17
53857,0.08
51831,0.07
52085,0.71
51369,0.22
53875,0.33
51122,0.26
52027,0.91
51181,0.24
53406,0.02
51518,0.04
51098,0.36
51289,0.18
50878,0.26
53727,0.27
54121,0.3
52059,0.23
51379,0.2
51051,0.33
51448,0.02
53096,0.15
52378,0.42
53656,0.56
52962,0.12
50703,0.33
50305,0.48
53891,0.35
53519,0.66
51664,0.17
54274,0.18
50380,0.29
51192,0.7
53358,0.07
51918,0.13
50638,0.2
50809,0.33
52701,0.51
53102,0.19
51038,0.14
53260,0.26
52700,0.63
51703,0.14
50436,0.18
50233,0.5
52051,0.1
50884,0.11
50846,0.3
52464,0.49
50961,0.06
53080,0.48
52826,0.17
52697,0.12
51999,0.06
52455,0.8
52635,0.73
53468,0.1
53638,0.41
54072,0.91
53828,0.33
52844,0.64
53966,0.51
53064,0.58
51868,0.32
51216,0.05
52197,0.19
53797,0.06
54044,0.2
53369,0.88
53552,0.45
50299,0.42
53382,0.46
54185,0.1
50887,0.28
54094,0.03
52288,0.93
52247,0.4
53985,0.04
52093,0.26
52447,0.72
54200,0.44
52185,0.17
52593,0.2
53107,0.26
51189,0.27
51054,0.07
53717,0.96
52582,0.14
54018,0.35
50381,0.21
50205,0.1
54247,0.53
51832,0.18
54054,0.68
53314,0.18
52686,0.01
51908,0.44
52496,0.24
50510,0.57
52471,0.8
52054,0.11
51121,0.51
53482,0.23
52206,0.33
51588,0.09
53258,0.09
50032,0.18
54202,0.17
52204,0.18
52569,0.12
52006,0.15
51358,0.62
52538,0.13
51598,0.28
51004,0.12
51282,0.14
53243,0.22
53287,0.7
52641,0.15
51571,0.26
51260,0.17
54127,0.78
53550,0.4
51047,0.3
53899,0.24
52670,0.12
50994,0.62
50350,0.04
50406,0.0
50939,0.21
50545,0.08
50459,0.1
53549,0.74
53935,0.1
53858,0.33
52386,0.38
50681,0.13
50895,0.24
51917,0.14
50153,0.27
50122,0.12
51191,0.11
52168,0.08
54009,0.14
52894,0.52
51606,0.3
52648,0.57
52511,0.1
54036,0.14
53660,0.13
53648,0.35
51841,0.13
51166,0.69
51543,0.67
54153,0.41
51258,0.29
53464,0.26
50586,0.06
51904,0.79
51273,0.45
51769,0.46
50946,0.05
53937,0.34
51082,0.21
52893,0.17
51647,0.1
52570,0.16
53429,0.15
50197,0.09
53278,0.09
50150,0.65
52576,0.44
52738,0.22
50180,0.03
53363,0.48
51804,0.3
50992,0.29
53798,0.07
52880,0.1
51565,0.26
53246,0.64
53820,0.34
52698,0.09
50257,0.0
50392,0.35
51441,0.61
53093,0.0
53005,0.15
51272,0.18
53384,0.29
53843,0.78
54156,0.42
51505,0.31
50474,0.16
53300,0.34
50118,0.22
50178,0.52
53436,0.68
53409,0.34
50686,0.04
51633,0.13
52345,0.11
53991,0.66
51789,0.16
51698,0.16
50761,0.25
51966,0.95
54217,0.11
52157,0.71
51437,0.1
51663,0.18
50064,0.66
52590,0.04
53646,0.21
53377,0.28
50935,0.24
50649,0.51
53736,0.05
52760,0.2
54159,0.6
53092,0.42
51384,0.15
51242,0.04
51034,0.71
50732,0.23
52965,0.53
53173,0.71
50684,0.16
50139,0.11
50223,0.05
52123,0.05
51881,0.27
53624,0.32
53465,0.19
51484,0.44
52930,0.68
51824,0.18
50068,0.32
53788,0.4
53277,0.34
50643,0.18
53380,0.21
50588,0.17
53109,0.06
53579,0.52
53432,0.11
51550,0.08
51855,0.46
51597,0.55
53357,0.19
51717,0.2
52756,0.1
53667,0.31
53196,0.31
52671,0.11
52771,0.29
54133,0.74
53923,0.23
52975,0.4
53897,0.23
52443,0.78
50839,0.95
51613,0.5
51208,0.25
54144,0.27
53127,0.21
51314,0.9
52526,0.53
50010,0.05
50165,0.05
51972,0.09
50555,0.12
54228,0.1
50115,0.25
50682,0.1
50310,0.19
54229,0.03
50475,0.08
52468,0.11
51222,0.2
52602,0.34
50879,0.74
53385,0.12
50218,0.1
50211,0.17
52682,0.7
51666,0.18
52102,0.13
53126,0.61
51555,0.57
53905,0.04
50648,0.14
52886,0.1
52019,0.6
54119,0.06
51594,0.53
51012,0.22
53394,0.84
51353,0.1
51915,0.17
51516,0.27
52766,0.48
53637,0.19
51933,0.2
53830,0.06
53926,0.18
52195,0.17
53001,0.81
52302,0.15
51889,0.16
52154,0.05
50565,0.19
52440,0.03
53932,0.4
54261,0.9
50230,0.14
52194,0.04
50048,0.45
51019,0.15
52215,0.16
51528,0.11
50956,0.45
50052,0.12
50598,0.82
51755,0.44
50808,0.16
52095,0.13
53480,0.36
53628,0.06
53758,0.68
53373,0.1
50399,0.14
53735,0.95
52672,0.07
50651,0.28
53234,0.4
52906,0.19
50468,0.95
51730,0.03
51013,0.26
53669,0.22
54141,0.15
50347,0.15
51595,0.73
52328,0.22
50990,0.23
54004,0.26
51483,0.11
50715,0.79
50009,0.69
52788,0.26
51668,0.19
51798,0.2
52318,0.71
54093,0.16
53566,0.04
53747,0.11
50285,0.25
52589,0.44
51652,0.26
52789,0.11
50444,0.08
52391,0.12
51875,0.3
50830,0.09
52151,0.84
52431,0.56
50099,0.92
50781,0.7
50803,0.21
52903,0.69
53946,0.32
50495,0.14
52480,0.24
52190,0.31
50827,0.07
53740,0.6
53655,0.15
52214,0.84
52209,0.38
53714,0.81
54279,0.07
53208,0.25
53981,0.14
51952,0.43
53088,0.36
51137,0.19
50007,0.38
51219,0.09
53297,0.13
52221,0.33
52494,0.14
54211,0.15
54201,0.58
52914,0.14
52627,0.33
53545,0.06
50868,0.84
52252,0.31
50902,0.17
50580,0.56
54193,0.27
53184,0.44
54137,0.5
50485,0.04
53048,0.79
50644,0.29
54244,0.85
50945,0.29
52010,0.09
52907,0.19
53783,0.31
53977,0.15
51486,0.3
53850,0.72
50003,0.02
53449,0.56
51037,0.88
52406,0.24
52476,0.11
52324,0.03
50266,0.41
51490,0.4
50749,0.11
53301,0.34
50491,0.73
51893,0.07
51742,0.62
52078,0.02
50445,0.01
52808,0.04
52421,0.03
54189,0.42
53766,0.14
53949,0.9
53188,0.13
51246,0.17
51482,0.74
50617,0.56
54281,0.19
51224,0.06
53621,0.21
51677,0.32
54056,0.36
52390,0.17
52559,0.86
51655,0.22
51029,0.31
54148,0.66
50944,0.42
51525,0.44
52439,0.35
52276,0.31
52931,0.82
50517,0.88
50479,0.03
50799,0.48
52082,0.23
51268,0.33
50008,0.11
53861,0.21
53598,0.18
50231,0.09
53391,0.27
50440,0.22
50525,0.53
50624,0.09
51634,0.24
53144,0.09
51372,0.13
51722,0.56
50094,0.12
52591,0.6
54045,0.65
53018,0.05
50415,0.17
50209,0.1
51199,0.9
51504,0.56
50281,0.14
51942,0.98
51130,0.62
53851,0.02
52437,0.22
52996,0.73
52299,0.62
52937,0.27
51157,0.17
52938,0.2
53461,0.16
50059,0.4
50520,0.39
51351,0.02
54220,0.06
51036,0.05
52791,0.21
50668,0.09
50017,0.14
52924,0.15
52286,0.24
54151,0.03
53061,0.35
52769,0.26
50753,0.49
51262,0.01
52261,0.6
53288,0.5
50957,0.15
53130,0.6
51637,0.93
53894,0.3
53494,0.17
54101,0.19
52615,0.79
51445,0.86
52116,0.24
53625,0.17
52133,0.18
53318,0.14
50912,0.23
52514,0.09
52927,0.85
51963,0.51
52477,0.91
50417,0.06
50412,0.11
53718,0.09
50196,0.5
51249,0.35
51752,0.05
50284,0.56
54188,0.32
53920,0.17
51135,0.22
51568,0.07
51169,0.89
52714,0.13
52732,0.6
53889,0.06
52428,0.47
53571,0.29
53060,0.3
52896,0.65
54034,0.02
51803,0.14
52338,0.34
53460,0.12
50359,0.21
53478,0.91
52412,0.5
52572,0.25
50574,0.27
53754,0.29
53543,0.64
52031,0.06
50693,0.32
52752,0.73
53773,0.3
50112,0.16
53174,0.65
50414,0.48
52637,0.41
51214,0.62
50338,0.58
52534,0.04
53812,0.13
51076,0.14
53100,0.16
51089,0.03
52922,0.06
51269,0.88
51826,0.21
53842,0.22
53393,0.35
52891,0.05
53014,0.43
52642,0.33
50927,0.56
52356,0.5
51926,0.64
53458,0.17
51895,0.02
51378,0.8
52106,0.31
50159,0.16
54190,0.17
52234,0.16
50244,0.35
53439,0.05
51099,0.25
52205,0.16
52174,0.08
51768,0.55
53795,0.33
52370,0.2
54246,0.87
51083,0.17
52852,0.49
53284,0.33
52825,0.48
53175,0.12
54214,0.25
52230,0.04
52901,0.07
50845,0.42
54283,0.15
51544,0.59
53515,0.17
54038,0.3
51794,0.04
51252,0.68
51773,0.05
50273,0.07
52923,0.2
50182,0.72
54084,0.36
51075,0.1
53269,0.8
51817,0.21
54130,0.43
50462,0.63
53523,0.14
52137,0.09
53296,0.6
54184,0.28
53558,0.9
50050,0.16
53771,0.12
50853,0.45
52463,0.19
52724,0.29
53438,0.59
50534,0.69
51854,0.09
50234,0.8
51513,0.28
50680,0.86
54109,0.15
53939,0.05
50581,0.15
52449,0.68
50698,0.49
51761,0.28
50438,0.04
50527,0.29
50628,0.32
53440,0.34
51900,0.25
50717,0.12
51887,0.75
53223,0.13
51463,0.18
52180,0.05
50738,0.14
52077,0.13
52687,0.63
50238,0.68
51359,0.51
52371,0.09
51878,0.21
53817,0.3
50227,0.18
52256,0.06
51020,0.24
51582,0.5
53587,0.81
53952,0.16
51975,0.12
51771,0.98
53738,0.09
52398,0.1
53320,0.22
53627,0.66
50051,0.28
50507,0.15
53108,0.46
53681,0.24
53150,0.36
53085,0.01
51699,0.21
52623,0.25
51285,0.09
50478,0.35
53989,0.17
51801,0.19
52241,0.2
53456,0.09
52452,0.4
51614,0.11
53741,0.1
53704,0.2
51825,0.01
52942,0.13
51584,0.26
52539,0.44
53903,0.44
52754,0.73
53761,0.97
53711,0.17
51287,0.3
50000,0.5
53317,0.92
52009,0.14
51784,0.97
52297,0.14
53541,0.32
50889,0.21
53180,0.9
53498,0.13
52753,0.25
50979,0.26
52331,0.95
52361,0.15
52644,0.18
51763,0.14
54155,0.34
54061,0.47
54143,0.44
50367,0.84
52162,0.78
53034,0.26
53017,0.09
52982,0.13
54248,0.17
50978,0.27
53750,0.22
51265,0.7
52782,0.06
52859,0.22
51749,0.53
53532,0.19
50849,0.11
52065,0.22
51209,0.05
50114,0.32
52978,0.47
50818,0.11
50787,0.07
52603,0.24
53224,0.22
51056,0.26
54111,0.33
52546,0.39
52667,0.12
53577,0.09
54050,0.11
51427,0.05
53731,0.74
53918,0.07
53029,0.38
50241,0.06
50529,0.25
51180,0.74
51442,0.22
51772,0.09
54231,0.52
53618,0.07
50506,0.42
51579,0.48
53957,0.19
54160,0.75
52058,0.77
51751,0.33
52005,0.4
53709,0.1
53250,0.28
52300,0.24
51629,0.65
50805,0.27
54040,0.12
51124,0.81
53649,0.27
50314,0.23
51777,0.11
53944,0.2
52566,0.49
52513,0.1
50931,0.17
51685,0.16
54078,0.29
52890,0.05
53716,0.05
53518,0.16
50362,0.21
53732,0.2
50630,0.07
54186,0.28
51788,0.58
52369,0.62
52233,0.17
53204,0.22
52916,0.23
52804,0.2
53871,0.32
53958,0.31
50119,0.12
51959,0.05
51062,0.92
50840,0.12
50493,0.16
50443,0.05
51842,0.36
53156,0.41
50019,0.61
50418,0.43
53945,0.57
50991,0.67
50385,0.15
50929,0.58
50264,0.24
51452,0.15
52158,0.14
53210,0.34
50934,0.03
54290,0.13
50275,0.55
53400,0.49
51723,0.24
50133,0.34
51759,0.16
51307,0.5
50496,0.2
50335,0.12
53335,0.29
53214,0.13
50441,0.58
53161,0.07
53995,0.51
53095,0.17
53151,0.23
53776,0.15
51394,0.1
51350,0.14
52552,0.06
50408,0.05
51115,0.24
53153,0.53
51255,0.81
51866,0.32
50140,0.54
52685,0.49
53885,0.23
50688,0.84
53864,0.21
50583,0.22
50332,0.11
51293,0.82
54023,0.2
53775,0.6
51945,0.04
